run_id,phase,model,combo_id,version,repeat_idx,array_size,sram_kb,interface_bandwidth,dataflow,ifmap_offset,filter_offset,ofmap_offset,rng_seed,wall_seconds,returncode,status,timed_out,total_cycles,total_cycles_incl_prefetch,num_layers_reported,topology_file,config_path,output_dir,log_path,numpy_version,hostname,python_version,cpu_model,timestamp
alexnet__anchor__vanilla__rep1,main_grid,alexnet,anchor,vanilla,1,32,64,CALC,ws,0,10000000,20000000,40,157.467,0,ok,False,1136239,1156844,5,/data/grizos/SCALE-Sim/topologies/conv_nets/alexnet.csv,/data/grizos/Scale-Sim-SPM/benchmarks/results/cfgs/alexnet__anchor__vanilla__rep1.cfg,/data/grizos/Scale-Sim-SPM/benchmarks/results/runs/vanilla/alexnet__anchor__vanilla__rep1,/data/grizos/Scale-Sim-SPM/benchmarks/results/logs/vanilla/alexnet__anchor__vanilla__rep1.log,1.24.4,wil,3.8.10,x86_64,2026-09-18T16:00:37.677460+00:00
alexnet__anchor__optimized__rep1,main_grid,alexnet,anchor,optimized,1,32,64,CALC,ws,0,10000000,20000000,40,93.382,0,ok,False,1136239,1156844,5,/data/grizos/Scale-Sim-SPM/topologies/conv_nets/alexnet.csv,/data/grizos/Scale-Sim-SPM/benchmarks/results/cfgs/alexnet__anchor__optimized__rep1.cfg,/data/grizos/Scale-Sim-SPM/benchmarks/results/runs/optimized/alexnet__anchor__optimized__rep1,/data/grizos/Scale-Sim-SPM/benchmarks/results/logs/optimized/alexnet__anchor__optimized__rep1.log,1.24.4,wil,3.8.10,x86_64,2026-09-18T16:02:11.199638+00:00
googlenet__grid_a64_s16_calc__vanilla__rep1,main_grid,googlenet,grid_a64_s16_calc,vanilla,1,64,16,CALC,ws,0,10000000,20000000,40,131.507,0,ok,False,714911,766204,58,/data/grizos/SCALE-Sim/topologies/conv_nets/Googlenet.csv,/data/grizos/Scale-Sim-SPM/benchmarks/results/cfgs/googlenet__grid_a64_s16_calc__vanilla__rep1.cfg,/data/grizos/Scale-Sim-SPM/benchmarks/results/runs/vanilla/googlenet__grid_a64_s16_calc__vanilla__rep1,/data/grizos/Scale-Sim-SPM/benchmarks/results/logs/vanilla/googlenet__grid_a64_s16_calc__vanilla__rep1.log,1.24.4,wil,3.8.10,x86_64,2026-09-18T16:04:39.980473+00:00
alexnet__anchor__vanilla__rep2,main_grid,alexnet,anchor,vanilla,2,32,64,CALC,ws,0,10000000,20000000,40,159.003,0,ok,False,1136239,1156844,5,/data/grizos/SCALE-Sim/topologies/conv_nets/alexnet.csv,/data/grizos/Scale-Sim-SPM/benchmarks/results/cfgs/alexnet__anchor__vanilla__rep2.cfg,/data/grizos/Scale-Sim-SPM/benchmarks/results/runs/vanilla/alexnet__anchor__vanilla__rep2,/data/grizos/Scale-Sim-SPM/benchmarks/results/logs/vanilla/alexnet__anchor__vanilla__rep2.log,1.24.4,wil,3.8.10,x86_64,2026-09-18T16:07:37.353468+00:00
alexnet__anchor__optimized__rep2,main_grid,alexnet,anchor,optimized,2,32,64,CALC,ws,0,10000000,20000000,40,95.591,0,ok,False,1136239,1156844,5,/data/grizos/Scale-Sim-SPM/topologies/conv_nets/alexnet.csv,/data/grizos/Scale-Sim-SPM/benchmarks/results/cfgs/alexnet__anchor__optimized__rep2.cfg,/data/grizos/Scale-Sim-SPM/benchmarks/results/runs/optimized/alexnet__anchor__optimized__rep2,/data/grizos/Scale-Sim-SPM/benchmarks/results/logs/optimized/alexnet__anchor__optimized__rep2.log,1.24.4,wil,3.8.10,x86_64,2026-09-18T16:09:13.081640+00:00
alexnet__anchor__vanilla__rep3,main_grid,alexnet,anchor,vanilla,3,32,64,CALC,ws,0,10000000,20000000,40,159.653,0,ok,False,1136239,1156844,5,/data/grizos/SCALE-Sim/topologies/conv_nets/alexnet.csv,/data/grizos/Scale-Sim-SPM/benchmarks/results/cfgs/alexnet__anchor__vanilla__rep3.cfg,/data/grizos/Scale-Sim-SPM/benchmarks/results/runs/vanilla/alexnet__anchor__vanilla__rep3,/data/grizos/Scale-Sim-SPM/benchmarks/results/logs/vanilla/alexnet__anchor__vanilla__rep3.log,1.24.4,wil,3.8.10,x86_64,2026-09-18T16:11:52.874520+00:00
alexnet__anchor__optimized__rep3,main_grid,alexnet,anchor,optimized,3,32,64,CALC,ws,0,10000000,20000000,40,92.431,0,ok,False,1136239,1156844,5,/data/grizos/Scale-Sim-SPM/topologies/conv_nets/alexnet.csv,/data/grizos/Scale-Sim-SPM/benchmarks/results/cfgs/alexnet__anchor__optimized__rep3.cfg,/data/grizos/Scale-Sim-SPM/benchmarks/results/runs/optimized/alexnet__anchor__optimized__rep3,/data/grizos/Scale-Sim-SPM/benchmarks/results/logs/optimized/alexnet__anchor__optimized__rep3.log,1.24.4,wil,3.8.10,x86_64,2026-09-18T16:13:25.464559+00:00
alexnet__grid_a16_s16_calc__vanilla__rep1,main_grid,alexnet,grid_a16_s16_calc,vanilla,1,16,16,CALC,ws,0,10000000,20000000,40,508.303,0,ok,False,3823825,3829794,5,/data/grizos/SCALE-Sim/topologies/conv_nets/alexnet.csv,/data/grizos/Scale-Sim-SPM/benchmarks/results/cfgs/alexnet__grid_a16_s16_calc__vanilla__rep1.cfg,/data/grizos/Scale-Sim-SPM/benchmarks/results/runs/vanilla/alexnet__grid_a16_s16_calc__vanilla__rep1,/data/grizos/Scale-Sim-SPM/benchmarks/results/logs/vanilla/alexnet__grid_a16_s16_calc__vanilla__rep1.log,1.24.4,wil,3.8.10,x86_64,2026-09-18T16:21:53.909071+00:00
alexnet__grid_a16_s16_calc__optimized__rep1,main_grid,alexnet,grid_a16_s16_calc,optimized,1,16,16,CALC,ws,0,10000000,20000000,40,218.555,0,ok,False,3823825,3829794,5,/data/grizos/Scale-Sim-SPM/topologies/conv_nets/alexnet.csv,/data/grizos/Scale-Sim-SPM/benchmarks/results/cfgs/alexnet__grid_a16_s16_calc__optimized__rep1.cfg,/data/grizos/Scale-Sim-SPM/benchmarks/results/runs/optimized/alexnet__grid_a16_s16_calc__optimized__rep1,/data/grizos/Scale-Sim-SPM/benchmarks/results/logs/optimized/alexnet__grid_a16_s16_calc__optimized__rep1.log,1.24.4,wil,3.8.10,x86_64,2026-09-18T16:25:32.725193+00:00
alexnet__grid_a16_s16_calc__vanilla__rep2,main_grid,alexnet,grid_a16_s16_calc,vanilla,2,16,16,CALC,ws,0,10000000,20000000,40,503.628,0,ok,False,3823825,3829794,5,/data/grizos/SCALE-Sim/topologies/conv_nets/alexnet.csv,/data/grizos/Scale-Sim-SPM/benchmarks/results/cfgs/alexnet__grid_a16_s16_calc__vanilla__rep2.cfg,/data/grizos/Scale-Sim-SPM/benchmarks/results/runs/vanilla/alexnet__grid_a16_s16_calc__vanilla__rep2,/data/grizos/Scale-Sim-SPM/benchmarks/results/logs/vanilla/alexnet__grid_a16_s16_calc__vanilla__rep2.log,1.24.4,wil,3.8.10,x86_64,2026-09-18T16:33:56.619589+00:00
alexnet__grid_a16_s16_calc__optimized__rep2,main_grid,alexnet,grid_a16_s16_calc,optimized,2,16,16,CALC,ws,0,10000000,20000000,40,217.395,0,ok,False,3823825,3829794,5,/data/grizos/Scale-Sim-SPM/topologies/conv_nets/alexnet.csv,/data/grizos/Scale-Sim-SPM/benchmarks/results/cfgs/alexnet__grid_a16_s16_calc__optimized__rep2.cfg,/data/grizos/Scale-Sim-SPM/benchmarks/results/runs/optimized/alexnet__grid_a16_s16_calc__optimized__rep2,/data/grizos/Scale-Sim-SPM/benchmarks/results/logs/optimized/alexnet__grid_a16_s16_calc__optimized__rep2.log,1.24.4,wil,3.8.10,x86_64,2026-09-18T16:37:34.224135+00:00
alexnet__grid_a16_s16_calc__vanilla__rep3,main_grid,alexnet,grid_a16_s16_calc,vanilla,3,16,16,CALC,ws,0,10000000,20000000,40,511.531,0,ok,False,3823825,3829794,5,/data/grizos/SCALE-Sim/topologies/conv_nets/alexnet.csv,/data/grizos/Scale-Sim-SPM/benchmarks/results/cfgs/alexnet__grid_a16_s16_calc__vanilla__rep3.cfg,/data/grizos/Scale-Sim-SPM/benchmarks/results/runs/vanilla/alexnet__grid_a16_s16_calc__vanilla__rep3,/data/grizos/Scale-Sim-SPM/benchmarks/results/logs/vanilla/alexnet__grid_a16_s16_calc__vanilla__rep3.log,1.24.4,wil,3.8.10,x86_64,2026-09-18T16:46:06.021172+00:00
alexnet__grid_a16_s16_calc__optimized__rep3,main_grid,alexnet,grid_a16_s16_calc,optimized,3,16,16,CALC,ws,0,10000000,20000000,40,224.194,0,ok,False,3823825,3829794,5,/data/grizos/Scale-Sim-SPM/topologies/conv_nets/alexnet.csv,/data/grizos/Scale-Sim-SPM/benchmarks/results/cfgs/alexnet__grid_a16_s16_calc__optimized__rep3.cfg,/data/grizos/Scale-Sim-SPM/benchmarks/results/runs/optimized/alexnet__grid_a16_s16_calc__optimized__rep3,/data/grizos/Scale-Sim-SPM/benchmarks/results/logs/optimized/alexnet__grid_a16_s16_calc__optimized__rep3.log,1.24.4,wil,3.8.10,x86_64,2026-09-18T16:49:50.482478+00:00
alexnet__grid_a16_s16_user__vanilla__rep1,main_grid,alexnet,grid_a16_s16_user,vanilla,1,16,16,USER,ws,0,10000000,20000000,40,5400.053,,timeout,True,,,,/data/grizos/SCALE-Sim/topologies/conv_nets/alexnet.csv,/data/grizos/Scale-Sim-SPM/benchmarks/results/cfgs/alexnet__grid_a16_s16_user__vanilla__rep1.cfg,/data/grizos/Scale-Sim-SPM/benchmarks/results/runs/vanilla/alexnet__grid_a16_s16_user__vanilla__rep1,/data/grizos/Scale-Sim-SPM/benchmarks/results/logs/vanilla/alexnet__grid_a16_s16_user__vanilla__rep1.log,1.24.4,wil,3.8.10,x86_64,2026-09-18T18:19:50.757319+00:00
alexnet__grid_a16_s16_user__optimized__rep1,main_grid,alexnet,grid_a16_s16_user,optimized,1,16,16,USER,ws,0,10000000,20000000,40,1212.13,0,ok,False,245812832,245822789,5,/data/grizos/Scale-Sim-SPM/topologies/conv_nets/alexnet.csv,/data/grizos/Scale-Sim-SPM/benchmarks/results/cfgs/alexnet__grid_a16_s16_user__optimized__rep1.cfg,/data/grizos/Scale-Sim-SPM/benchmarks/results/runs/optimized/alexnet__grid_a16_s16_user__optimized__rep1,/data/grizos/Scale-Sim-SPM/benchmarks/results/logs/optimized/alexnet__grid_a16_s16_user__optimized__rep1.log,1.24.4,wil,3.8.10,x86_64,2026-09-18T18:40:02.938066+00:00
alexnet__grid_a16_s16_user__vanilla__rep2,main_grid,alexnet,grid_a16_s16_user,vanilla,2,16,16,USER,ws,0,10000000,20000000,40,5400.051,,timeout,True,,,,/data/grizos/SCALE-Sim/topologies/conv_nets/alexnet.csv,/data/grizos/Scale-Sim-SPM/benchmarks/results/cfgs/alexnet__grid_a16_s16_user__vanilla__rep2.cfg,/data/grizos/Scale-Sim-SPM/benchmarks/results/runs/vanilla/alexnet__grid_a16_s16_user__vanilla__rep2,/data/grizos/Scale-Sim-SPM/benchmarks/results/logs/vanilla/alexnet__grid_a16_s16_user__vanilla__rep2.log,1.24.4,wil,3.8.10,x86_64,2026-09-18T20:10:06.642521+00:00
alexnet__grid_a16_s16_user__optimized__rep2,main_grid,alexnet,grid_a16_s16_user,optimized,2,16,16,USER,ws,0,10000000,20000000,40,1154.641,0,ok,False,245812832,245822789,5,/data/grizos/Scale-Sim-SPM/topologies/conv_nets/alexnet.csv,/data/grizos/Scale-Sim-SPM/benchmarks/results/cfgs/alexnet__grid_a16_s16_user__optimized__rep2.cfg,/data/grizos/Scale-Sim-SPM/benchmarks/results/runs/optimized/alexnet__grid_a16_s16_user__optimized__rep2,/data/grizos/Scale-Sim-SPM/benchmarks/results/logs/optimized/alexnet__grid_a16_s16_user__optimized__rep2.log,1.24.4,wil,3.8.10,x86_64,2026-09-18T20:29:21.329723+00:00
alexnet__grid_a16_s16_user__vanilla__rep3,main_grid,alexnet,grid_a16_s16_user,vanilla,3,16,16,USER,ws,0,10000000,20000000,40,5400.049,,timeout,True,,,,/data/grizos/SCALE-Sim/topologies/conv_nets/alexnet.csv,/data/grizos/Scale-Sim-SPM/benchmarks/results/cfgs/alexnet__grid_a16_s16_user__vanilla__rep3.cfg,/data/grizos/Scale-Sim-SPM/benchmarks/results/runs/vanilla/alexnet__grid_a16_s16_user__vanilla__rep3,/data/grizos/Scale-Sim-SPM/benchmarks/results/logs/vanilla/alexnet__grid_a16_s16_user__vanilla__rep3.log,1.24.4,wil,3.8.10,x86_64,2026-09-18T21:59:25.321336+00:00
alexnet__grid_a16_s16_user__optimized__rep3,main_grid,alexnet,grid_a16_s16_user,optimized,3,16,16,USER,ws,0,10000000,20000000,40,1184.314,0,ok,False,245812832,245822789,5,/data/grizos/Scale-Sim-SPM/topologies/conv_nets/alexnet.csv,/data/grizos/Scale-Sim-SPM/benchmarks/results/cfgs/alexnet__grid_a16_s16_user__optimized__rep3.cfg,/data/grizos/Scale-Sim-SPM/benchmarks/results/runs/optimized/alexnet__grid_a16_s16_user__optimized__rep3,/data/grizos/Scale-Sim-SPM/benchmarks/results/logs/optimized/alexnet__grid_a16_s16_user__optimized__rep3.log,1.24.4,wil,3.8.10,x86_64,2026-09-18T22:19:09.683021+00:00
alexnet__grid_a16_s256_calc__vanilla__rep1,main_grid,alexnet,grid_a16_s256_calc,vanilla,1,16,256,CALC,ws,0,10000000,20000000,40,336.979,0,ok,False,3823825,3925212,5,/data/grizos/SCALE-Sim/topologies/conv_nets/alexnet.csv,/data/grizos/Scale-Sim-SPM/benchmarks/results/cfgs/alexnet__grid_a16_s256_calc__vanilla__rep1.cfg,/data/grizos/Scale-Sim-SPM/benchmarks/results/runs/vanilla/alexnet__grid_a16_s256_calc__vanilla__rep1,/data/grizos/Scale-Sim-SPM/benchmarks/results/logs/vanilla/alexnet__grid_a16_s256_calc__vanilla__rep1.log,1.24.4,wil,3.8.10,x86_64,2026-09-18T22:24:49.624133+00:00
alexnet__grid_a16_s256_calc__optimized__rep1,main_grid,alexnet,grid_a16_s256_calc,optimized,1,16,256,CALC,ws,0,10000000,20000000,40,200.745,0,ok,False,3823825,3925212,5,/data/grizos/Scale-Sim-SPM/topologies/conv_nets/alexnet.csv,/data/grizos/Scale-Sim-SPM/benchmarks/results/cfgs/alexnet__grid_a16_s256_calc__optimized__rep1.cfg,/data/grizos/Scale-Sim-SPM/benchmarks/results/runs/optimized/alexnet__grid_a16_s256_calc__optimized__rep1,/data/grizos/Scale-Sim-SPM/benchmarks/results/logs/optimized/alexnet__grid_a16_s256_calc__optimized__rep1.log,1.24.4,wil,3.8.10,x86_64,2026-09-18T22:28:10.587714+00:00
alexnet__grid_a16_s256_calc__vanilla__rep2,main_grid,alexnet,grid_a16_s256_calc,vanilla,2,16,256,CALC,ws,0,10000000,20000000,40,334.679,0,ok,False,3823825,3925212,5,/data/grizos/SCALE-Sim/topologies/conv_nets/alexnet.csv,/data/grizos/Scale-Sim-SPM/benchmarks/results/cfgs/alexnet__grid_a16_s256_calc__vanilla__rep2.cfg,/data/grizos/Scale-Sim-SPM/benchmarks/results/runs/vanilla/alexnet__grid_a16_s256_calc__vanilla__rep2,/data/grizos/Scale-Sim-SPM/benchmarks/results/logs/vanilla/alexnet__grid_a16_s256_calc__vanilla__rep2.log,1.24.4,wil,3.8.10,x86_64,2026-09-18T22:33:45.479637+00:00
alexnet__grid_a16_s256_calc__optimized__rep2,main_grid,alexnet,grid_a16_s256_calc,optimized,2,16,256,CALC,ws,0,10000000,20000000,40,195.665,0,ok,False,3823825,3925212,5,/data/grizos/Scale-Sim-SPM/topologies/conv_nets/alexnet.csv,/data/grizos/Scale-Sim-SPM/benchmarks/results/cfgs/alexnet__grid_a16_s256_calc__optimized__rep2.cfg,/data/grizos/Scale-Sim-SPM/benchmarks/results/runs/optimized/alexnet__grid_a16_s256_calc__optimized__rep2,/data/grizos/Scale-Sim-SPM/benchmarks/results/logs/optimized/alexnet__grid_a16_s256_calc__optimized__rep2.log,1.24.4,wil,3.8.10,x86_64,2026-09-18T22:37:01.360684+00:00
alexnet__grid_a16_s256_calc__vanilla__rep3,main_grid,alexnet,grid_a16_s256_calc,vanilla,3,16,256,CALC,ws,0,10000000,20000000,40,337.772,0,ok,False,3823825,3925212,5,/data/grizos/SCALE-Sim/topologies/conv_nets/alexnet.csv,/data/grizos/Scale-Sim-SPM/benchmarks/results/cfgs/alexnet__grid_a16_s256_calc__vanilla__rep3.cfg,/data/grizos/Scale-Sim-SPM/benchmarks/results/runs/vanilla/alexnet__grid_a16_s256_calc__vanilla__rep3,/data/grizos/Scale-Sim-SPM/benchmarks/results/logs/vanilla/alexnet__grid_a16_s256_calc__vanilla__rep3.log,1.24.4,wil,3.8.10,x86_64,2026-09-18T22:42:39.311714+00:00
alexnet__grid_a16_s256_calc__optimized__rep3,main_grid,alexnet,grid_a16_s256_calc,optimized,3,16,256,CALC,ws,0,10000000,20000000,40,192.617,0,ok,False,3823825,3925212,5,/data/grizos/Scale-Sim-SPM/topologies/conv_nets/alexnet.csv,/data/grizos/Scale-Sim-SPM/benchmarks/results/cfgs/alexnet__grid_a16_s256_calc__optimized__rep3.cfg,/data/grizos/Scale-Sim-SPM/benchmarks/results/runs/optimized/alexnet__grid_a16_s256_calc__optimized__rep3,/data/grizos/Scale-Sim-SPM/benchmarks/results/logs/optimized/alexnet__grid_a16_s256_calc__optimized__rep3.log,1.24.4,wil,3.8.10,x86_64,2026-09-18T22:45:52.161550+00:00
alexnet__grid_a16_s256_user__vanilla__rep1,main_grid,alexnet,grid_a16_s256_user,vanilla,1,16,256,USER,ws,0,10000000,20000000,40,531.39,0,ok,False,9309274,9461205,5,/data/grizos/SCALE-Sim/topologies/conv_nets/alexnet.csv,/data/grizos/Scale-Sim-SPM/benchmarks/results/cfgs/alexnet__grid_a16_s256_user__vanilla__rep1.cfg,/data/grizos/Scale-Sim-SPM/benchmarks/results/runs/vanilla/alexnet__grid_a16_s256_user__vanilla__rep1,/data/grizos/Scale-Sim-SPM/benchmarks/results/logs/vanilla/alexnet__grid_a16_s256_user__vanilla__rep1.log,1.24.4,wil,3.8.10,x86_64,2026-09-18T22:54:43.725902+00:00
alexnet__grid_a16_s256_user__optimized__rep1,main_grid,alexnet,grid_a16_s256_user,optimized,1,16,256,USER,ws,0,10000000,20000000,40,271.602,0,ok,False,9309274,9461205,5,/data/grizos/Scale-Sim-SPM/topologies/conv_nets/alexnet.csv,/data/grizos/Scale-Sim-SPM/benchmarks/results/cfgs/alexnet__grid_a16_s256_user__optimized__rep1.cfg,/data/grizos/Scale-Sim-SPM/benchmarks/results/runs/optimized/alexnet__grid_a16_s256_user__optimized__rep1,/data/grizos/Scale-Sim-SPM/benchmarks/results/logs/optimized/alexnet__grid_a16_s256_user__optimized__rep1.log,1.24.4,wil,3.8.10,x86_64,2026-09-18T22:59:15.662876+00:00
alexnet__grid_a16_s256_user__vanilla__rep2,main_grid,alexnet,grid_a16_s256_user,vanilla,2,16,256,USER,ws,0,10000000,20000000,40,527.316,0,ok,False,9309274,9461205,5,/data/grizos/SCALE-Sim/topologies/conv_nets/alexnet.csv,/data/grizos/Scale-Sim-SPM/benchmarks/results/cfgs/alexnet__grid_a16_s256_user__vanilla__rep2.cfg,/data/grizos/Scale-Sim-SPM/benchmarks/results/runs/vanilla/alexnet__grid_a16_s256_user__vanilla__rep2,/data/grizos/Scale-Sim-SPM/benchmarks/results/logs/vanilla/alexnet__grid_a16_s256_user__vanilla__rep2.log,1.24.4,wil,3.8.10,x86_64,2026-09-18T23:08:03.314143+00:00
alexnet__grid_a16_s256_user__optimized__rep2,main_grid,alexnet,grid_a16_s256_user,optimized,2,16,256,USER,ws,0,10000000,20000000,40,274.482,0,ok,False,9309274,9461205,5,/data/grizos/Scale-Sim-SPM/topologies/conv_nets/alexnet.csv,/data/grizos/Scale-Sim-SPM/benchmarks/results/cfgs/alexnet__grid_a16_s256_user__optimized__rep2.cfg,/data/grizos/Scale-Sim-SPM/benchmarks/results/runs/optimized/alexnet__grid_a16_s256_user__optimized__rep2,/data/grizos/Scale-Sim-SPM/benchmarks/results/logs/optimized/alexnet__grid_a16_s256_user__optimized__rep2.log,1.24.4,wil,3.8.10,x86_64,2026-09-18T23:12:38.133538+00:00
alexnet__grid_a16_s256_user__vanilla__rep3,main_grid,alexnet,grid_a16_s256_user,vanilla,3,16,256,USER,ws,0,10000000,20000000,40,525.939,0,ok,False,9309274,9461205,5,/data/grizos/SCALE-Sim/topologies/conv_nets/alexnet.csv,/data/grizos/Scale-Sim-SPM/benchmarks/results/cfgs/alexnet__grid_a16_s256_user__vanilla__rep3.cfg,/data/grizos/Scale-Sim-SPM/benchmarks/results/runs/vanilla/alexnet__grid_a16_s256_user__vanilla__rep3,/data/grizos/Scale-Sim-SPM/benchmarks/results/logs/vanilla/alexnet__grid_a16_s256_user__vanilla__rep3.log,1.24.4,wil,3.8.10,x86_64,2026-09-18T23:21:24.409509+00:00
alexnet__grid_a16_s256_user__optimized__rep3,main_grid,alexnet,grid_a16_s256_user,optimized,3,16,256,USER,ws,0,10000000,20000000,40,275.537,0,ok,False,9309274,9461205,5,/data/grizos/Scale-Sim-SPM/topologies/conv_nets/alexnet.csv,/data/grizos/Scale-Sim-SPM/benchmarks/results/cfgs/alexnet__grid_a16_s256_user__optimized__rep3.cfg,/data/grizos/Scale-Sim-SPM/benchmarks/results/runs/optimized/alexnet__grid_a16_s256_user__optimized__rep3,/data/grizos/Scale-Sim-SPM/benchmarks/results/logs/optimized/alexnet__grid_a16_s256_user__optimized__rep3.log,1.24.4,wil,3.8.10,x86_64,2026-09-18T23:26:00.282002+00:00
alexnet__grid_a64_s16_calc__vanilla__rep1,main_grid,alexnet,grid_a64_s16_calc,vanilla,1,64,16,CALC,ws,0,10000000,20000000,40,80.142,0,ok,False,382979,387422,5,/data/grizos/SCALE-Sim/topologies/conv_nets/alexnet.csv,/data/grizos/Scale-Sim-SPM/benchmarks/results/cfgs/alexnet__grid_a64_s16_calc__vanilla__rep1.cfg,/data/grizos/Scale-Sim-SPM/benchmarks/results/runs/vanilla/alexnet__grid_a64_s16_calc__vanilla__rep1,/data/grizos/Scale-Sim-SPM/benchmarks/results/logs/vanilla/alexnet__grid_a64_s16_calc__vanilla__rep1.log,1.24.4,wil,3.8.10,x86_64,2026-09-18T23:27:20.758828+00:00
alexnet__grid_a64_s16_calc__optimized__rep1,main_grid,alexnet,grid_a64_s16_calc,optimized,1,64,16,CALC,ws,0,10000000,20000000,40,47.069,0,ok,False,382979,387422,5,/data/grizos/Scale-Sim-SPM/topologies/conv_nets/alexnet.csv,/data/grizos/Scale-Sim-SPM/benchmarks/results/cfgs/alexnet__grid_a64_s16_calc__optimized__rep1.cfg,/data/grizos/Scale-Sim-SPM/benchmarks/results/runs/optimized/alexnet__grid_a64_s16_calc__optimized__rep1,/data/grizos/Scale-Sim-SPM/benchmarks/results/logs/optimized/alexnet__grid_a64_s16_calc__optimized__rep1.log,1.24.4,wil,3.8.10,x86_64,2026-09-18T23:28:07.914197+00:00
alexnet__grid_a64_s16_calc__vanilla__rep2,main_grid,alexnet,grid_a64_s16_calc,vanilla,2,64,16,CALC,ws,0,10000000,20000000,40,76.585,0,ok,False,382979,387422,5,/data/grizos/SCALE-Sim/topologies/conv_nets/alexnet.csv,/data/grizos/Scale-Sim-SPM/benchmarks/results/cfgs/alexnet__grid_a64_s16_calc__vanilla__rep2.cfg,/data/grizos/Scale-Sim-SPM/benchmarks/results/runs/vanilla/alexnet__grid_a64_s16_calc__vanilla__rep2,/data/grizos/Scale-Sim-SPM/benchmarks/results/logs/vanilla/alexnet__grid_a64_s16_calc__vanilla__rep2.log,1.24.4,wil,3.8.10,x86_64,2026-09-18T23:29:24.588073+00:00
alexnet__grid_a64_s16_calc__optimized__rep2,main_grid,alexnet,grid_a64_s16_calc,optimized,2,64,16,CALC,ws,0,10000000,20000000,40,45.415,0,ok,False,382979,387422,5,/data/grizos/Scale-Sim-SPM/topologies/conv_nets/alexnet.csv,/data/grizos/Scale-Sim-SPM/benchmarks/results/cfgs/alexnet__grid_a64_s16_calc__optimized__rep2.cfg,/data/grizos/Scale-Sim-SPM/benchmarks/results/runs/optimized/alexnet__grid_a64_s16_calc__optimized__rep2,/data/grizos/Scale-Sim-SPM/benchmarks/results/logs/optimized/alexnet__grid_a64_s16_calc__optimized__rep2.log,1.24.4,wil,3.8.10,x86_64,2026-09-18T23:30:10.092229+00:00
alexnet__grid_a64_s16_calc__vanilla__rep3,main_grid,alexnet,grid_a64_s16_calc,vanilla,3,64,16,CALC,ws,0,10000000,20000000,40,78.37,0,ok,False,382979,387422,5,/data/grizos/SCALE-Sim/topologies/conv_nets/alexnet.csv,/data/grizos/Scale-Sim-SPM/benchmarks/results/cfgs/alexnet__grid_a64_s16_calc__vanilla__rep3.cfg,/data/grizos/Scale-Sim-SPM/benchmarks/results/runs/vanilla/alexnet__grid_a64_s16_calc__vanilla__rep3,/data/grizos/Scale-Sim-SPM/benchmarks/results/logs/vanilla/alexnet__grid_a64_s16_calc__vanilla__rep3.log,1.24.4,wil,3.8.10,x86_64,2026-09-18T23:31:28.549345+00:00
alexnet__grid_a64_s16_calc__optimized__rep3,main_grid,alexnet,grid_a64_s16_calc,optimized,3,64,16,CALC,ws,0,10000000,20000000,40,45.058,0,ok,False,382979,387422,5,/data/grizos/Scale-Sim-SPM/topologies/conv_nets/alexnet.csv,/data/grizos/Scale-Sim-SPM/benchmarks/results/cfgs/alexnet__grid_a64_s16_calc__optimized__rep3.cfg,/data/grizos/Scale-Sim-SPM/benchmarks/results/runs/optimized/alexnet__grid_a64_s16_calc__optimized__rep3,/data/grizos/Scale-Sim-SPM/benchmarks/results/logs/optimized/alexnet__grid_a64_s16_calc__optimized__rep3.log,1.24.4,wil,3.8.10,x86_64,2026-09-18T23:32:13.695101+00:00
alexnet__grid_a64_s16_user__vanilla__rep1,main_grid,alexnet,grid_a64_s16_user,vanilla,1,64,16,USER,ws,0,10000000,20000000,40,5400.049,,timeout,True,,,,/data/grizos/SCALE-Sim/topologies/conv_nets/alexnet.csv,/data/grizos/Scale-Sim-SPM/benchmarks/results/cfgs/alexnet__grid_a64_s16_user__vanilla__rep1.cfg,/data/grizos/Scale-Sim-SPM/benchmarks/results/runs/vanilla/alexnet__grid_a64_s16_user__vanilla__rep1,/data/grizos/Scale-Sim-SPM/benchmarks/results/logs/vanilla/alexnet__grid_a64_s16_user__vanilla__rep1.log,1.24.4,wil,3.8.10,x86_64,2026-09-19T01:02:13.826993+00:00
alexnet__grid_a64_s16_user__optimized__rep1,main_grid,alexnet,grid_a64_s16_user,optimized,1,64,16,USER,ws,0,10000000,20000000,40,322.407,0,ok,False,63109240,63119092,5,/data/grizos/Scale-Sim-SPM/topologies/conv_nets/alexnet.csv,/data/grizos/Scale-Sim-SPM/benchmarks/results/cfgs/alexnet__grid_a64_s16_user__optimized__rep1.cfg,/data/grizos/Scale-Sim-SPM/benchmarks/results/runs/optimized/alexnet__grid_a64_s16_user__optimized__rep1,/data/grizos/Scale-Sim-SPM/benchmarks/results/logs/optimized/alexnet__grid_a64_s16_user__optimized__rep1.log,1.24.4,wil,3.8.10,x86_64,2026-09-19T01:07:36.666347+00:00
alexnet__grid_a64_s16_user__vanilla__rep2,main_grid,alexnet,grid_a64_s16_user,vanilla,2,64,16,USER,ws,0,10000000,20000000,40,5400.035,,timeout,True,,,,/data/grizos/SCALE-Sim/topologies/conv_nets/alexnet.csv,/data/grizos/Scale-Sim-SPM/benchmarks/results/cfgs/alexnet__grid_a64_s16_user__vanilla__rep2.cfg,/data/grizos/Scale-Sim-SPM/benchmarks/results/runs/vanilla/alexnet__grid_a64_s16_user__vanilla__rep2,/data/grizos/Scale-Sim-SPM/benchmarks/results/logs/vanilla/alexnet__grid_a64_s16_user__vanilla__rep2.log,1.24.4,wil,3.8.10,x86_64,2026-09-19T02:37:37.681741+00:00
alexnet__grid_a64_s16_user__optimized__rep2,main_grid,alexnet,grid_a64_s16_user,optimized,2,64,16,USER,ws,0,10000000,20000000,40,315.036,0,ok,False,63109240,63119092,5,/data/grizos/Scale-Sim-SPM/topologies/conv_nets/alexnet.csv,/data/grizos/Scale-Sim-SPM/benchmarks/results/cfgs/alexnet__grid_a64_s16_user__optimized__rep2.cfg,/data/grizos/Scale-Sim-SPM/benchmarks/results/runs/optimized/alexnet__grid_a64_s16_user__optimized__rep2,/data/grizos/Scale-Sim-SPM/benchmarks/results/logs/optimized/alexnet__grid_a64_s16_user__optimized__rep2.log,1.24.4,wil,3.8.10,x86_64,2026-09-19T02:42:53.150574+00:00
alexnet__grid_a64_s16_user__vanilla__rep3,main_grid,alexnet,grid_a64_s16_user,vanilla,3,64,16,USER,ws,0,10000000,20000000,40,5400.035,,timeout,True,,,,/data/grizos/SCALE-Sim/topologies/conv_nets/alexnet.csv,/data/grizos/Scale-Sim-SPM/benchmarks/results/cfgs/alexnet__grid_a64_s16_user__vanilla__rep3.cfg,/data/grizos/Scale-Sim-SPM/benchmarks/results/runs/vanilla/alexnet__grid_a64_s16_user__vanilla__rep3,/data/grizos/Scale-Sim-SPM/benchmarks/results/logs/vanilla/alexnet__grid_a64_s16_user__vanilla__rep3.log,1.24.4,wil,3.8.10,x86_64,2026-09-19T04:12:54.217380+00:00
alexnet__grid_a64_s16_user__optimized__rep3,main_grid,alexnet,grid_a64_s16_user,optimized,3,64,16,USER,ws,0,10000000,20000000,40,310.335,0,ok,False,63109240,63119092,5,/data/grizos/Scale-Sim-SPM/topologies/conv_nets/alexnet.csv,/data/grizos/Scale-Sim-SPM/benchmarks/results/cfgs/alexnet__grid_a64_s16_user__optimized__rep3.cfg,/data/grizos/Scale-Sim-SPM/benchmarks/results/runs/optimized/alexnet__grid_a64_s16_user__optimized__rep3,/data/grizos/Scale-Sim-SPM/benchmarks/results/logs/optimized/alexnet__grid_a64_s16_user__optimized__rep3.log,1.24.4,wil,3.8.10,x86_64,2026-09-19T04:18:04.984341+00:00
alexnet__grid_a64_s256_calc__vanilla__rep1,main_grid,alexnet,grid_a64_s256_calc,vanilla,1,64,256,CALC,ws,0,10000000,20000000,40,62.798,0,ok,False,382979,455001,5,/data/grizos/SCALE-Sim/topologies/conv_nets/alexnet.csv,/data/grizos/Scale-Sim-SPM/benchmarks/results/cfgs/alexnet__grid_a64_s256_calc__vanilla__rep1.cfg,/data/grizos/Scale-Sim-SPM/benchmarks/results/runs/vanilla/alexnet__grid_a64_s256_calc__vanilla__rep1,/data/grizos/Scale-Sim-SPM/benchmarks/results/logs/vanilla/alexnet__grid_a64_s256_calc__vanilla__rep1.log,1.24.4,wil,3.8.10,x86_64,2026-09-19T04:19:08.762066+00:00
alexnet__grid_a64_s256_calc__optimized__rep1,main_grid,alexnet,grid_a64_s256_calc,optimized,1,64,256,CALC,ws,0,10000000,20000000,40,39.251,0,ok,False,382979,455001,5,/data/grizos/Scale-Sim-SPM/topologies/conv_nets/alexnet.csv,/data/grizos/Scale-Sim-SPM/benchmarks/results/cfgs/alexnet__grid_a64_s256_calc__optimized__rep1.cfg,/data/grizos/Scale-Sim-SPM/benchmarks/results/runs/optimized/alexnet__grid_a64_s256_calc__optimized__rep1,/data/grizos/Scale-Sim-SPM/benchmarks/results/logs/optimized/alexnet__grid_a64_s256_calc__optimized__rep1.log,1.24.4,wil,3.8.10,x86_64,2026-09-19T04:19:48.091142+00:00
alexnet__grid_a64_s256_calc__vanilla__rep2,main_grid,alexnet,grid_a64_s256_calc,vanilla,2,64,256,CALC,ws,0,10000000,20000000,40,58.592,0,ok,False,382979,455001,5,/data/grizos/SCALE-Sim/topologies/conv_nets/alexnet.csv,/data/grizos/Scale-Sim-SPM/benchmarks/results/cfgs/alexnet__grid_a64_s256_calc__vanilla__rep2.cfg,/data/grizos/Scale-Sim-SPM/benchmarks/results/runs/vanilla/alexnet__grid_a64_s256_calc__vanilla__rep2,/data/grizos/Scale-Sim-SPM/benchmarks/results/logs/vanilla/alexnet__grid_a64_s256_calc__vanilla__rep2.log,1.24.4,wil,3.8.10,x86_64,2026-09-19T04:20:46.760892+00:00
alexnet__grid_a64_s256_calc__optimized__rep2,main_grid,alexnet,grid_a64_s256_calc,optimized,2,64,256,CALC,ws,0,10000000,20000000,40,40.049,0,ok,False,382979,455001,5,/data/grizos/Scale-Sim-SPM/topologies/conv_nets/alexnet.csv,/data/grizos/Scale-Sim-SPM/benchmarks/results/cfgs/alexnet__grid_a64_s256_calc__optimized__rep2.cfg,/data/grizos/Scale-Sim-SPM/benchmarks/results/runs/optimized/alexnet__grid_a64_s256_calc__optimized__rep2,/data/grizos/Scale-Sim-SPM/benchmarks/results/logs/optimized/alexnet__grid_a64_s256_calc__optimized__rep2.log,1.24.4,wil,3.8.10,x86_64,2026-09-19T04:21:26.885671+00:00
alexnet__grid_a64_s256_calc__vanilla__rep3,main_grid,alexnet,grid_a64_s256_calc,vanilla,3,64,256,CALC,ws,0,10000000,20000000,40,61.595,0,ok,False,382979,455001,5,/data/grizos/SCALE-Sim/topologies/conv_nets/alexnet.csv,/data/grizos/Scale-Sim-SPM/benchmarks/results/cfgs/alexnet__grid_a64_s256_calc__vanilla__rep3.cfg,/data/grizos/Scale-Sim-SPM/benchmarks/results/runs/vanilla/alexnet__grid_a64_s256_calc__vanilla__rep3,/data/grizos/Scale-Sim-SPM/benchmarks/results/logs/vanilla/alexnet__grid_a64_s256_calc__vanilla__rep3.log,1.24.4,wil,3.8.10,x86_64,2026-09-19T04:22:28.556329+00:00
alexnet__grid_a64_s256_calc__optimized__rep3,main_grid,alexnet,grid_a64_s256_calc,optimized,3,64,256,CALC,ws,0,10000000,20000000,40,40.104,0,ok,False,382979,455001,5,/data/grizos/Scale-Sim-SPM/topologies/conv_nets/alexnet.csv,/data/grizos/Scale-Sim-SPM/benchmarks/results/cfgs/alexnet__grid_a64_s256_calc__optimized__rep3.cfg,/data/grizos/Scale-Sim-SPM/benchmarks/results/runs/optimized/alexnet__grid_a64_s256_calc__optimized__rep3,/data/grizos/Scale-Sim-SPM/benchmarks/results/logs/optimized/alexnet__grid_a64_s256_calc__optimized__rep3.log,1.24.4,wil,3.8.10,x86_64,2026-09-19T04:23:08.737320+00:00
alexnet__grid_a64_s256_user__vanilla__rep1,main_grid,alexnet,grid_a64_s256_user,vanilla,1,64,256,USER,ws,0,10000000,20000000,40,137.923,0,ok,False,8390670,8520465,5,/data/grizos/SCALE-Sim/topologies/conv_nets/alexnet.csv,/data/grizos/Scale-Sim-SPM/benchmarks/results/cfgs/alexnet__grid_a64_s256_user__vanilla__rep1.cfg,/data/grizos/Scale-Sim-SPM/benchmarks/results/runs/vanilla/alexnet__grid_a64_s256_user__vanilla__rep1,/data/grizos/Scale-Sim-SPM/benchmarks/results/logs/vanilla/alexnet__grid_a64_s256_user__vanilla__rep1.log,1.24.4,wil,3.8.10,x86_64,2026-09-19T04:25:26.735964+00:00
alexnet__grid_a64_s256_user__optimized__rep1,main_grid,alexnet,grid_a64_s256_user,optimized,1,64,256,USER,ws,0,10000000,20000000,40,93.163,0,ok,False,8390670,8520465,5,/data/grizos/Scale-Sim-SPM/topologies/conv_nets/alexnet.csv,/data/grizos/Scale-Sim-SPM/benchmarks/results/cfgs/alexnet__grid_a64_s256_user__optimized__rep1.cfg,/data/grizos/Scale-Sim-SPM/benchmarks/results/runs/optimized/alexnet__grid_a64_s256_user__optimized__rep1,/data/grizos/Scale-Sim-SPM/benchmarks/results/logs/optimized/alexnet__grid_a64_s256_user__optimized__rep1.log,1.24.4,wil,3.8.10,x86_64,2026-09-19T04:27:00.086936+00:00
alexnet__grid_a64_s256_user__vanilla__rep2,main_grid,alexnet,grid_a64_s256_user,vanilla,2,64,256,USER,ws,0,10000000,20000000,40,140.276,0,ok,False,8390670,8520465,5,/data/grizos/SCALE-Sim/topologies/conv_nets/alexnet.csv,/data/grizos/Scale-Sim-SPM/benchmarks/results/cfgs/alexnet__grid_a64_s256_user__vanilla__rep2.cfg,/data/grizos/Scale-Sim-SPM/benchmarks/results/runs/vanilla/alexnet__grid_a64_s256_user__vanilla__rep2,/data/grizos/Scale-Sim-SPM/benchmarks/results/logs/vanilla/alexnet__grid_a64_s256_user__vanilla__rep2.log,1.24.4,wil,3.8.10,x86_64,2026-09-19T04:29:20.549852+00:00
alexnet__grid_a64_s256_user__optimized__rep2,main_grid,alexnet,grid_a64_s256_user,optimized,2,64,256,USER,ws,0,10000000,20000000,40,92.802,0,ok,False,8390670,8520465,5,/data/grizos/Scale-Sim-SPM/topologies/conv_nets/alexnet.csv,/data/grizos/Scale-Sim-SPM/benchmarks/results/cfgs/alexnet__grid_a64_s256_user__optimized__rep2.cfg,/data/grizos/Scale-Sim-SPM/benchmarks/results/runs/optimized/alexnet__grid_a64_s256_user__optimized__rep2,/data/grizos/Scale-Sim-SPM/benchmarks/results/logs/optimized/alexnet__grid_a64_s256_user__optimized__rep2.log,1.24.4,wil,3.8.10,x86_64,2026-09-19T04:30:53.542444+00:00
alexnet__grid_a64_s256_user__vanilla__rep3,main_grid,alexnet,grid_a64_s256_user,vanilla,3,64,256,USER,ws,0,10000000,20000000,40,135.065,0,ok,False,8390670,8520465,5,/data/grizos/SCALE-Sim/topologies/conv_nets/alexnet.csv,/data/grizos/Scale-Sim-SPM/benchmarks/results/cfgs/alexnet__grid_a64_s256_user__vanilla__rep3.cfg,/data/grizos/Scale-Sim-SPM/benchmarks/results/runs/vanilla/alexnet__grid_a64_s256_user__vanilla__rep3,/data/grizos/Scale-Sim-SPM/benchmarks/results/logs/vanilla/alexnet__grid_a64_s256_user__vanilla__rep3.log,1.24.4,wil,3.8.10,x86_64,2026-09-19T04:33:08.794510+00:00
alexnet__grid_a64_s256_user__optimized__rep3,main_grid,alexnet,grid_a64_s256_user,optimized,3,64,256,USER,ws,0,10000000,20000000,40,91.462,0,ok,False,8390670,8520465,5,/data/grizos/Scale-Sim-SPM/topologies/conv_nets/alexnet.csv,/data/grizos/Scale-Sim-SPM/benchmarks/results/cfgs/alexnet__grid_a64_s256_user__optimized__rep3.cfg,/data/grizos/Scale-Sim-SPM/benchmarks/results/runs/optimized/alexnet__grid_a64_s256_user__optimized__rep3,/data/grizos/Scale-Sim-SPM/benchmarks/results/logs/optimized/alexnet__grid_a64_s256_user__optimized__rep3.log,1.24.4,wil,3.8.10,x86_64,2026-09-19T04:34:40.443921+00:00
alexnet__ctrl_offset_shift__vanilla__rep1,main_grid,alexnet,ctrl_offset_shift,vanilla,1,32,64,CALC,ws,5000000,15000000,25000000,40,157.766,0,ok,False,1136239,1156844,5,/data/grizos/SCALE-Sim/topologies/conv_nets/alexnet.csv,/data/grizos/Scale-Sim-SPM/benchmarks/results/cfgs/alexnet__ctrl_offset_shift__vanilla__rep1.cfg,/data/grizos/Scale-Sim-SPM/benchmarks/results/runs/vanilla/alexnet__ctrl_offset_shift__vanilla__rep1,/data/grizos/Scale-Sim-SPM/benchmarks/results/logs/vanilla/alexnet__ctrl_offset_shift__vanilla__rep1.log,1.24.4,wil,3.8.10,x86_64,2026-09-19T04:37:18.397893+00:00
alexnet__ctrl_offset_shift__optimized__rep1,main_grid,alexnet,ctrl_offset_shift,optimized,1,32,64,CALC,ws,5000000,15000000,25000000,40,95.771,0,ok,False,1136239,1156844,5,/data/grizos/Scale-Sim-SPM/topologies/conv_nets/alexnet.csv,/data/grizos/Scale-Sim-SPM/benchmarks/results/cfgs/alexnet__ctrl_offset_shift__optimized__rep1.cfg,/data/grizos/Scale-Sim-SPM/benchmarks/results/runs/optimized/alexnet__ctrl_offset_shift__optimized__rep1,/data/grizos/Scale-Sim-SPM/benchmarks/results/logs/optimized/alexnet__ctrl_offset_shift__optimized__rep1.log,1.24.4,wil,3.8.10,x86_64,2026-09-19T04:38:54.319459+00:00
alexnet__ctrl_offset_shift__vanilla__rep2,main_grid,alexnet,ctrl_offset_shift,vanilla,2,32,64,CALC,ws,5000000,15000000,25000000,40,153.971,0,ok,False,1136239,1156844,5,/data/grizos/SCALE-Sim/topologies/conv_nets/alexnet.csv,/data/grizos/Scale-Sim-SPM/benchmarks/results/cfgs/alexnet__ctrl_offset_shift__vanilla__rep2.cfg,/data/grizos/Scale-Sim-SPM/benchmarks/results/runs/vanilla/alexnet__ctrl_offset_shift__vanilla__rep2,/data/grizos/Scale-Sim-SPM/benchmarks/results/logs/vanilla/alexnet__ctrl_offset_shift__vanilla__rep2.log,1.24.4,wil,3.8.10,x86_64,2026-09-19T04:41:28.440784+00:00
alexnet__ctrl_offset_shift__optimized__rep2,main_grid,alexnet,ctrl_offset_shift,optimized,2,32,64,CALC,ws,5000000,15000000,25000000,40,94.155,0,ok,False,1136239,1156844,5,/data/grizos/Scale-Sim-SPM/topologies/conv_nets/alexnet.csv,/data/grizos/Scale-Sim-SPM/benchmarks/results/cfgs/alexnet__ctrl_offset_shift__optimized__rep2.cfg,/data/grizos/Scale-Sim-SPM/benchmarks/results/runs/optimized/alexnet__ctrl_offset_shift__optimized__rep2,/data/grizos/Scale-Sim-SPM/benchmarks/results/logs/optimized/alexnet__ctrl_offset_shift__optimized__rep2.log,1.24.4,wil,3.8.10,x86_64,2026-09-19T04:43:02.746358+00:00
alexnet__ctrl_offset_shift__vanilla__rep3,main_grid,alexnet,ctrl_offset_shift,vanilla,3,32,64,CALC,ws,5000000,15000000,25000000,40,152.045,0,ok,False,1136239,1156844,5,/data/grizos/SCALE-Sim/topologies/conv_nets/alexnet.csv,/data/grizos/Scale-Sim-SPM/benchmarks/results/cfgs/alexnet__ctrl_offset_shift__vanilla__rep3.cfg,/data/grizos/Scale-Sim-SPM/benchmarks/results/runs/vanilla/alexnet__ctrl_offset_shift__vanilla__rep3,/data/grizos/Scale-Sim-SPM/benchmarks/results/logs/vanilla/alexnet__ctrl_offset_shift__vanilla__rep3.log,1.24.4,wil,3.8.10,x86_64,2026-09-19T04:45:34.942084+00:00
alexnet__ctrl_offset_shift__optimized__rep3,main_grid,alexnet,ctrl_offset_shift,optimized,3,32,64,CALC,ws,5000000,15000000,25000000,40,93.269,0,ok,False,1136239,1156844,5,/data/grizos/Scale-Sim-SPM/topologies/conv_nets/alexnet.csv,/data/grizos/Scale-Sim-SPM/benchmarks/results/cfgs/alexnet__ctrl_offset_shift__optimized__rep3.cfg,/data/grizos/Scale-Sim-SPM/benchmarks/results/runs/optimized/alexnet__ctrl_offset_shift__optimized__rep3,/data/grizos/Scale-Sim-SPM/benchmarks/results/logs/optimized/alexnet__ctrl_offset_shift__optimized__rep3.log,1.24.4,wil,3.8.10,x86_64,2026-09-19T04:47:08.359987+00:00
alexnet__ctrl_seed_alt__vanilla__rep1,main_grid,alexnet,ctrl_seed_alt,vanilla,1,32,64,CALC,ws,0,10000000,20000000,777,152.901,0,ok,False,1136239,1156844,5,/data/grizos/SCALE-Sim/topologies/conv_nets/alexnet.csv,/data/grizos/Scale-Sim-SPM/benchmarks/results/cfgs/alexnet__ctrl_seed_alt__vanilla__rep1.cfg,/data/grizos/Scale-Sim-SPM/benchmarks/results/runs/vanilla/alexnet__ctrl_seed_alt__vanilla__rep1,/data/grizos/Scale-Sim-SPM/benchmarks/results/logs/vanilla/alexnet__ctrl_seed_alt__vanilla__rep1.log,1.24.4,wil,3.8.10,x86_64,2026-09-19T04:49:41.411117+00:00
alexnet__ctrl_seed_alt__optimized__rep1,main_grid,alexnet,ctrl_seed_alt,optimized,1,32,64,CALC,ws,0,10000000,20000000,777,92.163,0,ok,False,1136239,1156844,5,/data/grizos/Scale-Sim-SPM/topologies/conv_nets/alexnet.csv,/data/grizos/Scale-Sim-SPM/benchmarks/results/cfgs/alexnet__ctrl_seed_alt__optimized__rep1.cfg,/data/grizos/Scale-Sim-SPM/benchmarks/results/runs/optimized/alexnet__ctrl_seed_alt__optimized__rep1,/data/grizos/Scale-Sim-SPM/benchmarks/results/logs/optimized/alexnet__ctrl_seed_alt__optimized__rep1.log,1.24.4,wil,3.8.10,x86_64,2026-09-19T04:51:13.711522+00:00
alexnet__ctrl_seed_alt__vanilla__rep2,main_grid,alexnet,ctrl_seed_alt,vanilla,2,32,64,CALC,ws,0,10000000,20000000,777,155.699,0,ok,False,1136239,1156844,5,/data/grizos/SCALE-Sim/topologies/conv_nets/alexnet.csv,/data/grizos/Scale-Sim-SPM/benchmarks/results/cfgs/alexnet__ctrl_seed_alt__vanilla__rep2.cfg,/data/grizos/Scale-Sim-SPM/benchmarks/results/runs/vanilla/alexnet__ctrl_seed_alt__vanilla__rep2,/data/grizos/Scale-Sim-SPM/benchmarks/results/logs/vanilla/alexnet__ctrl_seed_alt__vanilla__rep2.log,1.24.4,wil,3.8.10,x86_64,2026-09-19T04:53:49.549867+00:00
alexnet__ctrl_seed_alt__optimized__rep2,main_grid,alexnet,ctrl_seed_alt,optimized,2,32,64,CALC,ws,0,10000000,20000000,777,94.658,0,ok,False,1136239,1156844,5,/data/grizos/Scale-Sim-SPM/topologies/conv_nets/alexnet.csv,/data/grizos/Scale-Sim-SPM/benchmarks/results/cfgs/alexnet__ctrl_seed_alt__optimized__rep2.cfg,/data/grizos/Scale-Sim-SPM/benchmarks/results/runs/optimized/alexnet__ctrl_seed_alt__optimized__rep2,/data/grizos/Scale-Sim-SPM/benchmarks/results/logs/optimized/alexnet__ctrl_seed_alt__optimized__rep2.log,1.24.4,wil,3.8.10,x86_64,2026-09-19T04:55:24.348059+00:00
alexnet__ctrl_seed_alt__vanilla__rep3,main_grid,alexnet,ctrl_seed_alt,vanilla,3,32,64,CALC,ws,0,10000000,20000000,777,155.175,0,ok,False,1136239,1156844,5,/data/grizos/SCALE-Sim/topologies/conv_nets/alexnet.csv,/data/grizos/Scale-Sim-SPM/benchmarks/results/cfgs/alexnet__ctrl_seed_alt__vanilla__rep3.cfg,/data/grizos/Scale-Sim-SPM/benchmarks/results/runs/vanilla/alexnet__ctrl_seed_alt__vanilla__rep3,/data/grizos/Scale-Sim-SPM/benchmarks/results/logs/vanilla/alexnet__ctrl_seed_alt__vanilla__rep3.log,1.24.4,wil,3.8.10,x86_64,2026-09-19T04:57:59.663090+00:00
alexnet__ctrl_seed_alt__optimized__rep3,main_grid,alexnet,ctrl_seed_alt,optimized,3,32,64,CALC,ws,0,10000000,20000000,777,93.014,0,ok,False,1136239,1156844,5,/data/grizos/Scale-Sim-SPM/topologies/conv_nets/alexnet.csv,/data/grizos/Scale-Sim-SPM/benchmarks/results/cfgs/alexnet__ctrl_seed_alt__optimized__rep3.cfg,/data/grizos/Scale-Sim-SPM/benchmarks/results/runs/optimized/alexnet__ctrl_seed_alt__optimized__rep3,/data/grizos/Scale-Sim-SPM/benchmarks/results/logs/optimized/alexnet__ctrl_seed_alt__optimized__rep3.log,1.24.4,wil,3.8.10,x86_64,2026-09-19T04:59:32.817774+00:00
mobilenet__anchor__vanilla__rep1,main_grid,mobilenet,anchor,vanilla,1,32,64,CALC,ws,0,10000000,20000000,40,169.003,0,ok,False,1433453,1539472,27,/data/grizos/SCALE-Sim/topologies/conv_nets/mobilenet.csv,/data/grizos/Scale-Sim-SPM/benchmarks/results/cfgs/mobilenet__anchor__vanilla__rep1.cfg,/data/grizos/Scale-Sim-SPM/benchmarks/results/runs/vanilla/mobilenet__anchor__vanilla__rep1,/data/grizos/Scale-Sim-SPM/benchmarks/results/logs/vanilla/mobilenet__anchor__vanilla__rep1.log,1.24.4,wil,3.8.10,x86_64,2026-09-19T05:02:21.940060+00:00
mobilenet__anchor__optimized__rep1,main_grid,mobilenet,anchor,optimized,1,32,64,CALC,ws,0,10000000,20000000,40,101.329,0,ok,False,1433453,1539472,27,/data/grizos/Scale-Sim-SPM/topologies/conv_nets/mobilenet.csv,/data/grizos/Scale-Sim-SPM/benchmarks/results/cfgs/mobilenet__anchor__optimized__rep1.cfg,/data/grizos/Scale-Sim-SPM/benchmarks/results/runs/optimized/mobilenet__anchor__optimized__rep1,/data/grizos/Scale-Sim-SPM/benchmarks/results/logs/optimized/mobilenet__anchor__optimized__rep1.log,1.24.4,wil,3.8.10,x86_64,2026-09-19T05:04:03.418872+00:00
mobilenet__anchor__vanilla__rep2,main_grid,mobilenet,anchor,vanilla,2,32,64,CALC,ws,0,10000000,20000000,40,170.978,0,ok,False,1433453,1539472,27,/data/grizos/SCALE-Sim/topologies/conv_nets/mobilenet.csv,/data/grizos/Scale-Sim-SPM/benchmarks/results/cfgs/mobilenet__anchor__vanilla__rep2.cfg,/data/grizos/Scale-Sim-SPM/benchmarks/results/runs/vanilla/mobilenet__anchor__vanilla__rep2,/data/grizos/Scale-Sim-SPM/benchmarks/results/logs/vanilla/mobilenet__anchor__vanilla__rep2.log,1.24.4,wil,3.8.10,x86_64,2026-09-19T05:06:54.543901+00:00
mobilenet__anchor__optimized__rep2,main_grid,mobilenet,anchor,optimized,2,32,64,CALC,ws,0,10000000,20000000,40,99.588,0,ok,False,1433453,1539472,27,/data/grizos/Scale-Sim-SPM/topologies/conv_nets/mobilenet.csv,/data/grizos/Scale-Sim-SPM/benchmarks/results/cfgs/mobilenet__anchor__optimized__rep2.cfg,/data/grizos/Scale-Sim-SPM/benchmarks/results/runs/optimized/mobilenet__anchor__optimized__rep2,/data/grizos/Scale-Sim-SPM/benchmarks/results/logs/optimized/mobilenet__anchor__optimized__rep2.log,1.24.4,wil,3.8.10,x86_64,2026-09-19T05:08:34.279579+00:00
mobilenet__anchor__vanilla__rep3,main_grid,mobilenet,anchor,vanilla,3,32,64,CALC,ws,0,10000000,20000000,40,166.066,0,ok,False,1433453,1539472,27,/data/grizos/SCALE-Sim/topologies/conv_nets/mobilenet.csv,/data/grizos/Scale-Sim-SPM/benchmarks/results/cfgs/mobilenet__anchor__vanilla__rep3.cfg,/data/grizos/Scale-Sim-SPM/benchmarks/results/runs/vanilla/mobilenet__anchor__vanilla__rep3,/data/grizos/Scale-Sim-SPM/benchmarks/results/logs/vanilla/mobilenet__anchor__vanilla__rep3.log,1.24.4,wil,3.8.10,x86_64,2026-09-19T05:11:20.493382+00:00
mobilenet__anchor__optimized__rep3,main_grid,mobilenet,anchor,optimized,3,32,64,CALC,ws,0,10000000,20000000,40,99.383,0,ok,False,1433453,1539472,27,/data/grizos/Scale-Sim-SPM/topologies/conv_nets/mobilenet.csv,/data/grizos/Scale-Sim-SPM/benchmarks/results/cfgs/mobilenet__anchor__optimized__rep3.cfg,/data/grizos/Scale-Sim-SPM/benchmarks/results/runs/optimized/mobilenet__anchor__optimized__rep3,/data/grizos/Scale-Sim-SPM/benchmarks/results/logs/optimized/mobilenet__anchor__optimized__rep3.log,1.24.4,wil,3.8.10,x86_64,2026-09-19T05:13:00.027641+00:00
mobilenet__grid_a16_s16_calc__vanilla__rep1,main_grid,mobilenet,grid_a16_s16_calc,vanilla,1,16,16,CALC,ws,0,10000000,20000000,40,347.967,0,ok,False,3799529,3831490,27,/data/grizos/SCALE-Sim/topologies/conv_nets/mobilenet.csv,/data/grizos/Scale-Sim-SPM/benchmarks/results/cfgs/mobilenet__grid_a16_s16_calc__vanilla__rep1.cfg,/data/grizos/Scale-Sim-SPM/benchmarks/results/runs/vanilla/mobilenet__grid_a16_s16_calc__vanilla__rep1,/data/grizos/Scale-Sim-SPM/benchmarks/results/logs/vanilla/mobilenet__grid_a16_s16_calc__vanilla__rep1.log,1.24.4,wil,3.8.10,x86_64,2026-09-19T05:18:48.142523+00:00
mobilenet__grid_a16_s16_calc__optimized__rep1,main_grid,mobilenet,grid_a16_s16_calc,optimized,1,16,16,CALC,ws,0,10000000,20000000,40,210.24,0,ok,False,3799529,3831490,27,/data/grizos/Scale-Sim-SPM/topologies/conv_nets/mobilenet.csv,/data/grizos/Scale-Sim-SPM/benchmarks/results/cfgs/mobilenet__grid_a16_s16_calc__optimized__rep1.cfg,/data/grizos/Scale-Sim-SPM/benchmarks/results/runs/optimized/mobilenet__grid_a16_s16_calc__optimized__rep1,/data/grizos/Scale-Sim-SPM/benchmarks/results/logs/optimized/mobilenet__grid_a16_s16_calc__optimized__rep1.log,1.24.4,wil,3.8.10,x86_64,2026-09-19T05:22:18.668938+00:00
mobilenet__grid_a16_s16_calc__vanilla__rep2,main_grid,mobilenet,grid_a16_s16_calc,vanilla,2,16,16,CALC,ws,0,10000000,20000000,40,352.985,0,ok,False,3799529,3831490,27,/data/grizos/SCALE-Sim/topologies/conv_nets/mobilenet.csv,/data/grizos/Scale-Sim-SPM/benchmarks/results/cfgs/mobilenet__grid_a16_s16_calc__vanilla__rep2.cfg,/data/grizos/Scale-Sim-SPM/benchmarks/results/runs/vanilla/mobilenet__grid_a16_s16_calc__vanilla__rep2,/data/grizos/Scale-Sim-SPM/benchmarks/results/logs/vanilla/mobilenet__grid_a16_s16_calc__vanilla__rep2.log,1.24.4,wil,3.8.10,x86_64,2026-09-19T05:28:11.848077+00:00
mobilenet__grid_a16_s16_calc__optimized__rep2,main_grid,mobilenet,grid_a16_s16_calc,optimized,2,16,16,CALC,ws,0,10000000,20000000,40,201.186,0,ok,False,3799529,3831490,27,/data/grizos/Scale-Sim-SPM/topologies/conv_nets/mobilenet.csv,/data/grizos/Scale-Sim-SPM/benchmarks/results/cfgs/mobilenet__grid_a16_s16_calc__optimized__rep2.cfg,/data/grizos/Scale-Sim-SPM/benchmarks/results/runs/optimized/mobilenet__grid_a16_s16_calc__optimized__rep2,/data/grizos/Scale-Sim-SPM/benchmarks/results/logs/optimized/mobilenet__grid_a16_s16_calc__optimized__rep2.log,1.24.4,wil,3.8.10,x86_64,2026-09-19T05:31:33.266597+00:00
mobilenet__grid_a16_s16_calc__vanilla__rep3,main_grid,mobilenet,grid_a16_s16_calc,vanilla,3,16,16,CALC,ws,0,10000000,20000000,40,346.877,0,ok,False,3799529,3831490,27,/data/grizos/SCALE-Sim/topologies/conv_nets/mobilenet.csv,/data/grizos/Scale-Sim-SPM/benchmarks/results/cfgs/mobilenet__grid_a16_s16_calc__vanilla__rep3.cfg,/data/grizos/Scale-Sim-SPM/benchmarks/results/runs/vanilla/mobilenet__grid_a16_s16_calc__vanilla__rep3,/data/grizos/Scale-Sim-SPM/benchmarks/results/logs/vanilla/mobilenet__grid_a16_s16_calc__vanilla__rep3.log,1.24.4,wil,3.8.10,x86_64,2026-09-19T05:37:20.377305+00:00
mobilenet__grid_a16_s16_calc__optimized__rep3,main_grid,mobilenet,grid_a16_s16_calc,optimized,3,16,16,CALC,ws,0,10000000,20000000,40,205.903,0,ok,False,3799529,3831490,27,/data/grizos/Scale-Sim-SPM/topologies/conv_nets/mobilenet.csv,/data/grizos/Scale-Sim-SPM/benchmarks/results/cfgs/mobilenet__grid_a16_s16_calc__optimized__rep3.cfg,/data/grizos/Scale-Sim-SPM/benchmarks/results/runs/optimized/mobilenet__grid_a16_s16_calc__optimized__rep3,/data/grizos/Scale-Sim-SPM/benchmarks/results/logs/optimized/mobilenet__grid_a16_s16_calc__optimized__rep3.log,1.24.4,wil,3.8.10,x86_64,2026-09-19T05:40:46.514251+00:00
mobilenet__grid_a16_s16_user__vanilla__rep1,main_grid,mobilenet,grid_a16_s16_user,vanilla,1,16,16,USER,ws,0,10000000,20000000,40,5400.08,,timeout,True,,,,/data/grizos/SCALE-Sim/topologies/conv_nets/mobilenet.csv,/data/grizos/Scale-Sim-SPM/benchmarks/results/cfgs/mobilenet__grid_a16_s16_user__vanilla__rep1.cfg,/data/grizos/Scale-Sim-SPM/benchmarks/results/runs/vanilla/mobilenet__grid_a16_s16_user__vanilla__rep1,/data/grizos/Scale-Sim-SPM/benchmarks/results/logs/vanilla/mobilenet__grid_a16_s16_user__vanilla__rep1.log,1.24.4,wil,3.8.10,x86_64,2026-09-19T07:10:46.825997+00:00
mobilenet__grid_a16_s16_user__optimized__rep1,main_grid,mobilenet,grid_a16_s16_user,optimized,1,16,16,USER,ws,0,10000000,20000000,40,697.566,0,ok,False,122191293,122230179,27,/data/grizos/Scale-Sim-SPM/topologies/conv_nets/mobilenet.csv,/data/grizos/Scale-Sim-SPM/benchmarks/results/cfgs/mobilenet__grid_a16_s16_user__optimized__rep1.cfg,/data/grizos/Scale-Sim-SPM/benchmarks/results/runs/optimized/mobilenet__grid_a16_s16_user__optimized__rep1,/data/grizos/Scale-Sim-SPM/benchmarks/results/logs/optimized/mobilenet__grid_a16_s16_user__optimized__rep1.log,1.24.4,wil,3.8.10,x86_64,2026-09-19T07:22:24.792964+00:00
mobilenet__grid_a16_s16_user__vanilla__rep2,main_grid,mobilenet,grid_a16_s16_user,vanilla,2,16,16,USER,ws,0,10000000,20000000,40,5400.116,,timeout,True,,,,/data/grizos/SCALE-Sim/topologies/conv_nets/mobilenet.csv,/data/grizos/Scale-Sim-SPM/benchmarks/results/cfgs/mobilenet__grid_a16_s16_user__vanilla__rep2.cfg,/data/grizos/Scale-Sim-SPM/benchmarks/results/runs/vanilla/mobilenet__grid_a16_s16_user__vanilla__rep2,/data/grizos/Scale-Sim-SPM/benchmarks/results/logs/vanilla/mobilenet__grid_a16_s16_user__vanilla__rep2.log,1.24.4,wil,3.8.10,x86_64,2026-09-19T08:52:26.536287+00:00
mobilenet__grid_a16_s16_user__optimized__rep2,main_grid,mobilenet,grid_a16_s16_user,optimized,2,16,16,USER,ws,0,10000000,20000000,40,619.643,0,ok,False,122191293,122230179,27,/data/grizos/Scale-Sim-SPM/topologies/conv_nets/mobilenet.csv,/data/grizos/Scale-Sim-SPM/benchmarks/results/cfgs/mobilenet__grid_a16_s16_user__optimized__rep2.cfg,/data/grizos/Scale-Sim-SPM/benchmarks/results/runs/optimized/mobilenet__grid_a16_s16_user__optimized__rep2,/data/grizos/Scale-Sim-SPM/benchmarks/results/logs/optimized/mobilenet__grid_a16_s16_user__optimized__rep2.log,1.24.4,wil,3.8.10,x86_64,2026-09-19T09:02:46.502428+00:00
mobilenet__grid_a16_s16_user__vanilla__rep3,main_grid,mobilenet,grid_a16_s16_user,vanilla,3,16,16,USER,ws,0,10000000,20000000,40,5400.118,,timeout,True,,,,/data/grizos/SCALE-Sim/topologies/conv_nets/mobilenet.csv,/data/grizos/Scale-Sim-SPM/benchmarks/results/cfgs/mobilenet__grid_a16_s16_user__vanilla__rep3.cfg,/data/grizos/Scale-Sim-SPM/benchmarks/results/runs/vanilla/mobilenet__grid_a16_s16_user__vanilla__rep3,/data/grizos/Scale-Sim-SPM/benchmarks/results/logs/vanilla/mobilenet__grid_a16_s16_user__vanilla__rep3.log,1.24.4,wil,3.8.10,x86_64,2026-09-19T10:32:48.229829+00:00
mobilenet__grid_a16_s16_user__optimized__rep3,main_grid,mobilenet,grid_a16_s16_user,optimized,3,16,16,USER,ws,0,10000000,20000000,40,621.332,0,ok,False,122191293,122230179,27,/data/grizos/Scale-Sim-SPM/topologies/conv_nets/mobilenet.csv,/data/grizos/Scale-Sim-SPM/benchmarks/results/cfgs/mobilenet__grid_a16_s16_user__optimized__rep3.cfg,/data/grizos/Scale-Sim-SPM/benchmarks/results/runs/optimized/mobilenet__grid_a16_s16_user__optimized__rep3,/data/grizos/Scale-Sim-SPM/benchmarks/results/logs/optimized/mobilenet__grid_a16_s16_user__optimized__rep3.log,1.24.4,wil,3.8.10,x86_64,2026-09-19T10:43:09.962149+00:00
mobilenet__grid_a16_s256_calc__vanilla__rep1,main_grid,mobilenet,grid_a16_s256_calc,vanilla,1,16,256,CALC,ws,0,10000000,20000000,40,309.879,0,ok,False,3799529,4236252,27,/data/grizos/SCALE-Sim/topologies/conv_nets/mobilenet.csv,/data/grizos/Scale-Sim-SPM/benchmarks/results/cfgs/mobilenet__grid_a16_s256_calc__vanilla__rep1.cfg,/data/grizos/Scale-Sim-SPM/benchmarks/results/runs/vanilla/mobilenet__grid_a16_s256_calc__vanilla__rep1,/data/grizos/Scale-Sim-SPM/benchmarks/results/logs/vanilla/mobilenet__grid_a16_s256_calc__vanilla__rep1.log,1.24.4,wil,3.8.10,x86_64,2026-09-19T10:48:21.396827+00:00
mobilenet__grid_a16_s256_calc__optimized__rep1,main_grid,mobilenet,grid_a16_s256_calc,optimized,1,16,256,CALC,ws,0,10000000,20000000,40,187.443,0,ok,False,3799529,4236252,27,/data/grizos/Scale-Sim-SPM/topologies/conv_nets/mobilenet.csv,/data/grizos/Scale-Sim-SPM/benchmarks/results/cfgs/mobilenet__grid_a16_s256_calc__optimized__rep1.cfg,/data/grizos/Scale-Sim-SPM/benchmarks/results/runs/optimized/mobilenet__grid_a16_s256_calc__optimized__rep1,/data/grizos/Scale-Sim-SPM/benchmarks/results/logs/optimized/mobilenet__grid_a16_s256_calc__optimized__rep1.log,1.24.4,wil,3.8.10,x86_64,2026-09-19T10:51:29.041753+00:00
mobilenet__grid_a16_s256_calc__vanilla__rep2,main_grid,mobilenet,grid_a16_s256_calc,vanilla,2,16,256,CALC,ws,0,10000000,20000000,40,304.579,0,ok,False,3799529,4236252,27,/data/grizos/SCALE-Sim/topologies/conv_nets/mobilenet.csv,/data/grizos/Scale-Sim-SPM/benchmarks/results/cfgs/mobilenet__grid_a16_s256_calc__vanilla__rep2.cfg,/data/grizos/Scale-Sim-SPM/benchmarks/results/runs/vanilla/mobilenet__grid_a16_s256_calc__vanilla__rep2,/data/grizos/Scale-Sim-SPM/benchmarks/results/logs/vanilla/mobilenet__grid_a16_s256_calc__vanilla__rep2.log,1.24.4,wil,3.8.10,x86_64,2026-09-19T10:56:33.826364+00:00
mobilenet__grid_a16_s256_calc__optimized__rep2,main_grid,mobilenet,grid_a16_s256_calc,optimized,2,16,256,CALC,ws,0,10000000,20000000,40,184.59,0,ok,False,3799529,4236252,27,/data/grizos/Scale-Sim-SPM/topologies/conv_nets/mobilenet.csv,/data/grizos/Scale-Sim-SPM/benchmarks/results/cfgs/mobilenet__grid_a16_s256_calc__optimized__rep2.cfg,/data/grizos/Scale-Sim-SPM/benchmarks/results/runs/optimized/mobilenet__grid_a16_s256_calc__optimized__rep2,/data/grizos/Scale-Sim-SPM/benchmarks/results/logs/optimized/mobilenet__grid_a16_s256_calc__optimized__rep2.log,1.24.4,wil,3.8.10,x86_64,2026-09-19T10:59:38.623275+00:00
mobilenet__grid_a16_s256_calc__vanilla__rep3,main_grid,mobilenet,grid_a16_s256_calc,vanilla,3,16,256,CALC,ws,0,10000000,20000000,40,309.439,0,ok,False,3799529,4236252,27,/data/grizos/SCALE-Sim/topologies/conv_nets/mobilenet.csv,/data/grizos/Scale-Sim-SPM/benchmarks/results/cfgs/mobilenet__grid_a16_s256_calc__vanilla__rep3.cfg,/data/grizos/Scale-Sim-SPM/benchmarks/results/runs/vanilla/mobilenet__grid_a16_s256_calc__vanilla__rep3,/data/grizos/Scale-Sim-SPM/benchmarks/results/logs/vanilla/mobilenet__grid_a16_s256_calc__vanilla__rep3.log,1.24.4,wil,3.8.10,x86_64,2026-09-19T11:04:48.267995+00:00
mobilenet__grid_a16_s256_calc__optimized__rep3,main_grid,mobilenet,grid_a16_s256_calc,optimized,3,16,256,CALC,ws,0,10000000,20000000,40,183.111,0,ok,False,3799529,4236252,27,/data/grizos/Scale-Sim-SPM/topologies/conv_nets/mobilenet.csv,/data/grizos/Scale-Sim-SPM/benchmarks/results/cfgs/mobilenet__grid_a16_s256_calc__optimized__rep3.cfg,/data/grizos/Scale-Sim-SPM/benchmarks/results/runs/optimized/mobilenet__grid_a16_s256_calc__optimized__rep3,/data/grizos/Scale-Sim-SPM/benchmarks/results/logs/optimized/mobilenet__grid_a16_s256_calc__optimized__rep3.log,1.24.4,wil,3.8.10,x86_64,2026-09-19T11:07:51.584417+00:00
mobilenet__grid_a16_s256_user__vanilla__rep1,main_grid,mobilenet,grid_a16_s256_user,vanilla,1,16,256,USER,ws,0,10000000,20000000,40,429.836,0,ok,False,6741226,7375846,27,/data/grizos/SCALE-Sim/topologies/conv_nets/mobilenet.csv,/data/grizos/Scale-Sim-SPM/benchmarks/results/cfgs/mobilenet__grid_a16_s256_user__vanilla__rep1.cfg,/data/grizos/Scale-Sim-SPM/benchmarks/results/runs/vanilla/mobilenet__grid_a16_s256_user__vanilla__rep1,/data/grizos/Scale-Sim-SPM/benchmarks/results/logs/vanilla/mobilenet__grid_a16_s256_user__vanilla__rep1.log,1.24.4,wil,3.8.10,x86_64,2026-09-19T11:15:01.646310+00:00
mobilenet__grid_a16_s256_user__optimized__rep1,main_grid,mobilenet,grid_a16_s256_user,optimized,1,16,256,USER,ws,0,10000000,20000000,40,226.0,0,ok,False,6741226,7375846,27,/data/grizos/Scale-Sim-SPM/topologies/conv_nets/mobilenet.csv,/data/grizos/Scale-Sim-SPM/benchmarks/results/cfgs/mobilenet__grid_a16_s256_user__optimized__rep1.cfg,/data/grizos/Scale-Sim-SPM/benchmarks/results/runs/optimized/mobilenet__grid_a16_s256_user__optimized__rep1,/data/grizos/Scale-Sim-SPM/benchmarks/results/logs/optimized/mobilenet__grid_a16_s256_user__optimized__rep1.log,1.24.4,wil,3.8.10,x86_64,2026-09-19T11:18:47.897538+00:00
mobilenet__grid_a16_s256_user__vanilla__rep2,main_grid,mobilenet,grid_a16_s256_user,vanilla,2,16,256,USER,ws,0,10000000,20000000,40,447.239,0,ok,False,6741226,7375846,27,/data/grizos/SCALE-Sim/topologies/conv_nets/mobilenet.csv,/data/grizos/Scale-Sim-SPM/benchmarks/results/cfgs/mobilenet__grid_a16_s256_user__vanilla__rep2.cfg,/data/grizos/Scale-Sim-SPM/benchmarks/results/runs/vanilla/mobilenet__grid_a16_s256_user__vanilla__rep2,/data/grizos/Scale-Sim-SPM/benchmarks/results/logs/vanilla/mobilenet__grid_a16_s256_user__vanilla__rep2.log,1.24.4,wil,3.8.10,x86_64,2026-09-19T11:26:15.389554+00:00
mobilenet__grid_a16_s256_user__optimized__rep2,main_grid,mobilenet,grid_a16_s256_user,optimized,2,16,256,USER,ws,0,10000000,20000000,40,232.736,0,ok,False,6741226,7375846,27,/data/grizos/Scale-Sim-SPM/topologies/conv_nets/mobilenet.csv,/data/grizos/Scale-Sim-SPM/benchmarks/results/cfgs/mobilenet__grid_a16_s256_user__optimized__rep2.cfg,/data/grizos/Scale-Sim-SPM/benchmarks/results/runs/optimized/mobilenet__grid_a16_s256_user__optimized__rep2,/data/grizos/Scale-Sim-SPM/benchmarks/results/logs/optimized/mobilenet__grid_a16_s256_user__optimized__rep2.log,1.24.4,wil,3.8.10,x86_64,2026-09-19T11:30:08.353087+00:00
mobilenet__grid_a16_s256_user__vanilla__rep3,main_grid,mobilenet,grid_a16_s256_user,vanilla,3,16,256,USER,ws,0,10000000,20000000,40,441.761,0,ok,False,6741226,7375846,27,/data/grizos/SCALE-Sim/topologies/conv_nets/mobilenet.csv,/data/grizos/Scale-Sim-SPM/benchmarks/results/cfgs/mobilenet__grid_a16_s256_user__vanilla__rep3.cfg,/data/grizos/Scale-Sim-SPM/benchmarks/results/runs/vanilla/mobilenet__grid_a16_s256_user__vanilla__rep3,/data/grizos/Scale-Sim-SPM/benchmarks/results/logs/vanilla/mobilenet__grid_a16_s256_user__vanilla__rep3.log,1.24.4,wil,3.8.10,x86_64,2026-09-19T11:37:30.344431+00:00
mobilenet__grid_a16_s256_user__optimized__rep3,main_grid,mobilenet,grid_a16_s256_user,optimized,3,16,256,USER,ws,0,10000000,20000000,40,230.619,0,ok,False,6741226,7375846,27,/data/grizos/Scale-Sim-SPM/topologies/conv_nets/mobilenet.csv,/data/grizos/Scale-Sim-SPM/benchmarks/results/cfgs/mobilenet__grid_a16_s256_user__optimized__rep3.cfg,/data/grizos/Scale-Sim-SPM/benchmarks/results/runs/optimized/mobilenet__grid_a16_s256_user__optimized__rep3,/data/grizos/Scale-Sim-SPM/benchmarks/results/logs/optimized/mobilenet__grid_a16_s256_user__optimized__rep3.log,1.24.4,wil,3.8.10,x86_64,2026-09-19T11:41:21.214436+00:00
mobilenet__grid_a64_s16_calc__vanilla__rep1,main_grid,mobilenet,grid_a64_s16_calc,vanilla,1,64,16,CALC,ws,0,10000000,20000000,40,114.803,0,ok,False,672421,696055,27,/data/grizos/SCALE-Sim/topologies/conv_nets/mobilenet.csv,/data/grizos/Scale-Sim-SPM/benchmarks/results/cfgs/mobilenet__grid_a64_s16_calc__vanilla__rep1.cfg,/data/grizos/Scale-Sim-SPM/benchmarks/results/runs/vanilla/mobilenet__grid_a64_s16_calc__vanilla__rep1,/data/grizos/Scale-Sim-SPM/benchmarks/results/logs/vanilla/mobilenet__grid_a64_s16_calc__vanilla__rep1.log,1.24.4,wil,3.8.10,x86_64,2026-09-19T11:43:16.248789+00:00
mobilenet__grid_a64_s16_calc__optimized__rep1,main_grid,mobilenet,grid_a64_s16_calc,optimized,1,64,16,CALC,ws,0,10000000,20000000,40,66.912,0,ok,False,672421,696055,27,/data/grizos/Scale-Sim-SPM/topologies/conv_nets/mobilenet.csv,/data/grizos/Scale-Sim-SPM/benchmarks/results/cfgs/mobilenet__grid_a64_s16_calc__optimized__rep1.cfg,/data/grizos/Scale-Sim-SPM/benchmarks/results/runs/optimized/mobilenet__grid_a64_s16_calc__optimized__rep1,/data/grizos/Scale-Sim-SPM/benchmarks/results/logs/optimized/mobilenet__grid_a64_s16_calc__optimized__rep1.log,1.24.4,wil,3.8.10,x86_64,2026-09-19T11:44:23.281766+00:00
mobilenet__grid_a64_s16_calc__vanilla__rep2,main_grid,mobilenet,grid_a64_s16_calc,vanilla,2,64,16,CALC,ws,0,10000000,20000000,40,117.418,0,ok,False,672421,696055,27,/data/grizos/SCALE-Sim/topologies/conv_nets/mobilenet.csv,/data/grizos/Scale-Sim-SPM/benchmarks/results/cfgs/mobilenet__grid_a64_s16_calc__vanilla__rep2.cfg,/data/grizos/Scale-Sim-SPM/benchmarks/results/runs/vanilla/mobilenet__grid_a64_s16_calc__vanilla__rep2,/data/grizos/Scale-Sim-SPM/benchmarks/results/logs/vanilla/mobilenet__grid_a64_s16_calc__vanilla__rep2.log,1.24.4,wil,3.8.10,x86_64,2026-09-19T11:46:20.818055+00:00
mobilenet__grid_a64_s16_calc__optimized__rep2,main_grid,mobilenet,grid_a64_s16_calc,optimized,2,64,16,CALC,ws,0,10000000,20000000,40,68.014,0,ok,False,672421,696055,27,/data/grizos/Scale-Sim-SPM/topologies/conv_nets/mobilenet.csv,/data/grizos/Scale-Sim-SPM/benchmarks/results/cfgs/mobilenet__grid_a64_s16_calc__optimized__rep2.cfg,/data/grizos/Scale-Sim-SPM/benchmarks/results/runs/optimized/mobilenet__grid_a64_s16_calc__optimized__rep2,/data/grizos/Scale-Sim-SPM/benchmarks/results/logs/optimized/mobilenet__grid_a64_s16_calc__optimized__rep2.log,1.24.4,wil,3.8.10,x86_64,2026-09-19T11:47:28.951381+00:00
mobilenet__grid_a64_s16_calc__vanilla__rep3,main_grid,mobilenet,grid_a64_s16_calc,vanilla,3,64,16,CALC,ws,0,10000000,20000000,40,118.214,0,ok,False,672421,696055,27,/data/grizos/SCALE-Sim/topologies/conv_nets/mobilenet.csv,/data/grizos/Scale-Sim-SPM/benchmarks/results/cfgs/mobilenet__grid_a64_s16_calc__vanilla__rep3.cfg,/data/grizos/Scale-Sim-SPM/benchmarks/results/runs/vanilla/mobilenet__grid_a64_s16_calc__vanilla__rep3,/data/grizos/Scale-Sim-SPM/benchmarks/results/logs/vanilla/mobilenet__grid_a64_s16_calc__vanilla__rep3.log,1.24.4,wil,3.8.10,x86_64,2026-09-19T11:49:27.285903+00:00
mobilenet__grid_a64_s16_calc__optimized__rep3,main_grid,mobilenet,grid_a64_s16_calc,optimized,3,64,16,CALC,ws,0,10000000,20000000,40,69.066,0,ok,False,672421,696055,27,/data/grizos/Scale-Sim-SPM/topologies/conv_nets/mobilenet.csv,/data/grizos/Scale-Sim-SPM/benchmarks/results/cfgs/mobilenet__grid_a64_s16_calc__optimized__rep3.cfg,/data/grizos/Scale-Sim-SPM/benchmarks/results/runs/optimized/mobilenet__grid_a64_s16_calc__optimized__rep3,/data/grizos/Scale-Sim-SPM/benchmarks/results/logs/optimized/mobilenet__grid_a64_s16_calc__optimized__rep3.log,1.24.4,wil,3.8.10,x86_64,2026-09-19T11:50:36.454178+00:00
mobilenet__grid_a64_s16_user__vanilla__rep1,main_grid,mobilenet,grid_a64_s16_user,vanilla,1,64,16,USER,ws,0,10000000,20000000,40,4192.419,0,ok,False,47435149,47481979,27,/data/grizos/SCALE-Sim/topologies/conv_nets/mobilenet.csv,/data/grizos/Scale-Sim-SPM/benchmarks/results/cfgs/mobilenet__grid_a64_s16_user__vanilla__rep1.cfg,/data/grizos/Scale-Sim-SPM/benchmarks/results/runs/vanilla/mobilenet__grid_a64_s16_user__vanilla__rep1,/data/grizos/Scale-Sim-SPM/benchmarks/results/logs/vanilla/mobilenet__grid_a64_s16_user__vanilla__rep1.log,1.24.4,wil,3.8.10,x86_64,2026-09-19T13:00:28.992496+00:00
mobilenet__grid_a64_s16_user__optimized__rep1,main_grid,mobilenet,grid_a64_s16_user,optimized,1,64,16,USER,ws,0,10000000,20000000,40,246.533,0,ok,False,47435149,47481979,27,/data/grizos/Scale-Sim-SPM/topologies/conv_nets/mobilenet.csv,/data/grizos/Scale-Sim-SPM/benchmarks/results/cfgs/mobilenet__grid_a64_s16_user__optimized__rep1.cfg,/data/grizos/Scale-Sim-SPM/benchmarks/results/runs/optimized/mobilenet__grid_a64_s16_user__optimized__rep1,/data/grizos/Scale-Sim-SPM/benchmarks/results/logs/optimized/mobilenet__grid_a64_s16_user__optimized__rep1.log,1.24.4,wil,3.8.10,x86_64,2026-09-19T13:04:36.164326+00:00
mobilenet__grid_a64_s16_user__vanilla__rep2,main_grid,mobilenet,grid_a64_s16_user,vanilla,2,64,16,USER,ws,0,10000000,20000000,40,4207.064,0,ok,False,47435149,47481979,27,/data/grizos/SCALE-Sim/topologies/conv_nets/mobilenet.csv,/data/grizos/Scale-Sim-SPM/benchmarks/results/cfgs/mobilenet__grid_a64_s16_user__vanilla__rep2.cfg,/data/grizos/Scale-Sim-SPM/benchmarks/results/runs/vanilla/mobilenet__grid_a64_s16_user__vanilla__rep2,/data/grizos/Scale-Sim-SPM/benchmarks/results/logs/vanilla/mobilenet__grid_a64_s16_user__vanilla__rep2.log,1.24.4,wil,3.8.10,x86_64,2026-09-19T14:14:43.853123+00:00
mobilenet__grid_a64_s16_user__optimized__rep2,main_grid,mobilenet,grid_a64_s16_user,optimized,2,64,16,USER,ws,0,10000000,20000000,40,248.494,0,ok,False,47435149,47481979,27,/data/grizos/Scale-Sim-SPM/topologies/conv_nets/mobilenet.csv,/data/grizos/Scale-Sim-SPM/benchmarks/results/cfgs/mobilenet__grid_a64_s16_user__optimized__rep2.cfg,/data/grizos/Scale-Sim-SPM/benchmarks/results/runs/optimized/mobilenet__grid_a64_s16_user__optimized__rep2,/data/grizos/Scale-Sim-SPM/benchmarks/results/logs/optimized/mobilenet__grid_a64_s16_user__optimized__rep2.log,1.24.4,wil,3.8.10,x86_64,2026-09-19T14:18:52.962340+00:00
mobilenet__grid_a64_s16_user__vanilla__rep3,main_grid,mobilenet,grid_a64_s16_user,vanilla,3,64,16,USER,ws,0,10000000,20000000,40,4224.473,0,ok,False,47435149,47481979,27,/data/grizos/SCALE-Sim/topologies/conv_nets/mobilenet.csv,/data/grizos/Scale-Sim-SPM/benchmarks/results/cfgs/mobilenet__grid_a64_s16_user__vanilla__rep3.cfg,/data/grizos/Scale-Sim-SPM/benchmarks/results/runs/vanilla/mobilenet__grid_a64_s16_user__vanilla__rep3,/data/grizos/Scale-Sim-SPM/benchmarks/results/logs/vanilla/mobilenet__grid_a64_s16_user__vanilla__rep3.log,1.24.4,wil,3.8.10,x86_64,2026-09-19T15:29:18.025932+00:00
mobilenet__grid_a64_s16_user__optimized__rep3,main_grid,mobilenet,grid_a64_s16_user,optimized,3,64,16,USER,ws,0,10000000,20000000,40,247.732,0,ok,False,47435149,47481979,27,/data/grizos/Scale-Sim-SPM/topologies/conv_nets/mobilenet.csv,/data/grizos/Scale-Sim-SPM/benchmarks/results/cfgs/mobilenet__grid_a64_s16_user__optimized__rep3.cfg,/data/grizos/Scale-Sim-SPM/benchmarks/results/runs/optimized/mobilenet__grid_a64_s16_user__optimized__rep3,/data/grizos/Scale-Sim-SPM/benchmarks/results/logs/optimized/mobilenet__grid_a64_s16_user__optimized__rep3.log,1.24.4,wil,3.8.10,x86_64,2026-09-19T15:33:26.372167+00:00
mobilenet__grid_a64_s256_calc__vanilla__rep1,main_grid,mobilenet,grid_a64_s256_calc,vanilla,1,64,256,CALC,ws,0,10000000,20000000,40,109.545,0,ok,False,672421,1024162,27,/data/grizos/SCALE-Sim/topologies/conv_nets/mobilenet.csv,/data/grizos/Scale-Sim-SPM/benchmarks/results/cfgs/mobilenet__grid_a64_s256_calc__vanilla__rep1.cfg,/data/grizos/Scale-Sim-SPM/benchmarks/results/runs/vanilla/mobilenet__grid_a64_s256_calc__vanilla__rep1,/data/grizos/Scale-Sim-SPM/benchmarks/results/logs/vanilla/mobilenet__grid_a64_s256_calc__vanilla__rep1.log,1.24.4,wil,3.8.10,x86_64,2026-09-19T15:35:16.376248+00:00
mobilenet__grid_a64_s256_calc__optimized__rep1,main_grid,mobilenet,grid_a64_s256_calc,optimized,1,64,256,CALC,ws,0,10000000,20000000,40,62.603,0,ok,False,672421,1024162,27,/data/grizos/Scale-Sim-SPM/topologies/conv_nets/mobilenet.csv,/data/grizos/Scale-Sim-SPM/benchmarks/results/cfgs/mobilenet__grid_a64_s256_calc__optimized__rep1.cfg,/data/grizos/Scale-Sim-SPM/benchmarks/results/runs/optimized/mobilenet__grid_a64_s256_calc__optimized__rep1,/data/grizos/Scale-Sim-SPM/benchmarks/results/logs/optimized/mobilenet__grid_a64_s256_calc__optimized__rep1.log,1.24.4,wil,3.8.10,x86_64,2026-09-19T15:36:19.079964+00:00
mobilenet__grid_a64_s256_calc__vanilla__rep2,main_grid,mobilenet,grid_a64_s256_calc,vanilla,2,64,256,CALC,ws,0,10000000,20000000,40,108.748,0,ok,False,672421,1024162,27,/data/grizos/SCALE-Sim/topologies/conv_nets/mobilenet.csv,/data/grizos/Scale-Sim-SPM/benchmarks/results/cfgs/mobilenet__grid_a64_s256_calc__vanilla__rep2.cfg,/data/grizos/Scale-Sim-SPM/benchmarks/results/runs/vanilla/mobilenet__grid_a64_s256_calc__vanilla__rep2,/data/grizos/Scale-Sim-SPM/benchmarks/results/logs/vanilla/mobilenet__grid_a64_s256_calc__vanilla__rep2.log,1.24.4,wil,3.8.10,x86_64,2026-09-19T15:38:07.936646+00:00
mobilenet__grid_a64_s256_calc__optimized__rep2,main_grid,mobilenet,grid_a64_s256_calc,optimized,2,64,256,CALC,ws,0,10000000,20000000,40,62.444,0,ok,False,672421,1024162,27,/data/grizos/Scale-Sim-SPM/topologies/conv_nets/mobilenet.csv,/data/grizos/Scale-Sim-SPM/benchmarks/results/cfgs/mobilenet__grid_a64_s256_calc__optimized__rep2.cfg,/data/grizos/Scale-Sim-SPM/benchmarks/results/runs/optimized/mobilenet__grid_a64_s256_calc__optimized__rep2,/data/grizos/Scale-Sim-SPM/benchmarks/results/logs/optimized/mobilenet__grid_a64_s256_calc__optimized__rep2.log,1.24.4,wil,3.8.10,x86_64,2026-09-19T15:39:10.491041+00:00
mobilenet__grid_a64_s256_calc__vanilla__rep3,main_grid,mobilenet,grid_a64_s256_calc,vanilla,3,64,256,CALC,ws,0,10000000,20000000,40,107.123,0,ok,False,672421,1024162,27,/data/grizos/SCALE-Sim/topologies/conv_nets/mobilenet.csv,/data/grizos/Scale-Sim-SPM/benchmarks/results/cfgs/mobilenet__grid_a64_s256_calc__vanilla__rep3.cfg,/data/grizos/Scale-Sim-SPM/benchmarks/results/runs/vanilla/mobilenet__grid_a64_s256_calc__vanilla__rep3,/data/grizos/Scale-Sim-SPM/benchmarks/results/logs/vanilla/mobilenet__grid_a64_s256_calc__vanilla__rep3.log,1.24.4,wil,3.8.10,x86_64,2026-09-19T15:40:57.723131+00:00
mobilenet__grid_a64_s256_calc__optimized__rep3,main_grid,mobilenet,grid_a64_s256_calc,optimized,3,64,256,CALC,ws,0,10000000,20000000,40,62.796,0,ok,False,672421,1024162,27,/data/grizos/Scale-Sim-SPM/topologies/conv_nets/mobilenet.csv,/data/grizos/Scale-Sim-SPM/benchmarks/results/cfgs/mobilenet__grid_a64_s256_calc__optimized__rep3.cfg,/data/grizos/Scale-Sim-SPM/benchmarks/results/runs/optimized/mobilenet__grid_a64_s256_calc__optimized__rep3,/data/grizos/Scale-Sim-SPM/benchmarks/results/logs/optimized/mobilenet__grid_a64_s256_calc__optimized__rep3.log,1.24.4,wil,3.8.10,x86_64,2026-09-19T15:42:00.629603+00:00
mobilenet__grid_a64_s256_user__vanilla__rep1,main_grid,mobilenet,grid_a64_s256_user,vanilla,1,64,256,USER,ws,0,10000000,20000000,40,165.345,0,ok,False,4747298,5320557,27,/data/grizos/SCALE-Sim/topologies/conv_nets/mobilenet.csv,/data/grizos/Scale-Sim-SPM/benchmarks/results/cfgs/mobilenet__grid_a64_s256_user__vanilla__rep1.cfg,/data/grizos/Scale-Sim-SPM/benchmarks/results/runs/vanilla/mobilenet__grid_a64_s256_user__vanilla__rep1,/data/grizos/Scale-Sim-SPM/benchmarks/results/logs/vanilla/mobilenet__grid_a64_s256_user__vanilla__rep1.log,1.24.4,wil,3.8.10,x86_64,2026-09-19T15:44:46.083027+00:00
mobilenet__grid_a64_s256_user__optimized__rep1,main_grid,mobilenet,grid_a64_s256_user,optimized,1,64,256,USER,ws,0,10000000,20000000,40,100.427,0,ok,False,4747298,5320557,27,/data/grizos/Scale-Sim-SPM/topologies/conv_nets/mobilenet.csv,/data/grizos/Scale-Sim-SPM/benchmarks/results/cfgs/mobilenet__grid_a64_s256_user__optimized__rep1.cfg,/data/grizos/Scale-Sim-SPM/benchmarks/results/runs/optimized/mobilenet__grid_a64_s256_user__optimized__rep1,/data/grizos/Scale-Sim-SPM/benchmarks/results/logs/optimized/mobilenet__grid_a64_s256_user__optimized__rep1.log,1.24.4,wil,3.8.10,x86_64,2026-09-19T15:46:26.610402+00:00
mobilenet__grid_a64_s256_user__vanilla__rep2,main_grid,mobilenet,grid_a64_s256_user,vanilla,2,64,256,USER,ws,0,10000000,20000000,40,167.425,0,ok,False,4747298,5320557,27,/data/grizos/SCALE-Sim/topologies/conv_nets/mobilenet.csv,/data/grizos/Scale-Sim-SPM/benchmarks/results/cfgs/mobilenet__grid_a64_s256_user__vanilla__rep2.cfg,/data/grizos/Scale-Sim-SPM/benchmarks/results/runs/vanilla/mobilenet__grid_a64_s256_user__vanilla__rep2,/data/grizos/Scale-Sim-SPM/benchmarks/results/logs/vanilla/mobilenet__grid_a64_s256_user__vanilla__rep2.log,1.24.4,wil,3.8.10,x86_64,2026-09-19T15:49:14.178376+00:00
mobilenet__grid_a64_s256_user__optimized__rep2,main_grid,mobilenet,grid_a64_s256_user,optimized,2,64,256,USER,ws,0,10000000,20000000,40,102.646,0,ok,False,4747298,5320557,27,/data/grizos/Scale-Sim-SPM/topologies/conv_nets/mobilenet.csv,/data/grizos/Scale-Sim-SPM/benchmarks/results/cfgs/mobilenet__grid_a64_s256_user__optimized__rep2.cfg,/data/grizos/Scale-Sim-SPM/benchmarks/results/runs/optimized/mobilenet__grid_a64_s256_user__optimized__rep2,/data/grizos/Scale-Sim-SPM/benchmarks/results/logs/optimized/mobilenet__grid_a64_s256_user__optimized__rep2.log,1.24.4,wil,3.8.10,x86_64,2026-09-19T15:50:56.966471+00:00
mobilenet__grid_a64_s256_user__vanilla__rep3,main_grid,mobilenet,grid_a64_s256_user,vanilla,3,64,256,USER,ws,0,10000000,20000000,40,166.813,0,ok,False,4747298,5320557,27,/data/grizos/SCALE-Sim/topologies/conv_nets/mobilenet.csv,/data/grizos/Scale-Sim-SPM/benchmarks/results/cfgs/mobilenet__grid_a64_s256_user__vanilla__rep3.cfg,/data/grizos/Scale-Sim-SPM/benchmarks/results/runs/vanilla/mobilenet__grid_a64_s256_user__vanilla__rep3,/data/grizos/Scale-Sim-SPM/benchmarks/results/logs/vanilla/mobilenet__grid_a64_s256_user__vanilla__rep3.log,1.24.4,wil,3.8.10,x86_64,2026-09-19T15:53:43.920546+00:00
mobilenet__grid_a64_s256_user__optimized__rep3,main_grid,mobilenet,grid_a64_s256_user,optimized,3,64,256,USER,ws,0,10000000,20000000,40,102.837,0,ok,False,4747298,5320557,27,/data/grizos/Scale-Sim-SPM/topologies/conv_nets/mobilenet.csv,/data/grizos/Scale-Sim-SPM/benchmarks/results/cfgs/mobilenet__grid_a64_s256_user__optimized__rep3.cfg,/data/grizos/Scale-Sim-SPM/benchmarks/results/runs/optimized/mobilenet__grid_a64_s256_user__optimized__rep3,/data/grizos/Scale-Sim-SPM/benchmarks/results/logs/optimized/mobilenet__grid_a64_s256_user__optimized__rep3.log,1.24.4,wil,3.8.10,x86_64,2026-09-19T15:55:26.900038+00:00
mobilenet__ctrl_offset_shift__vanilla__rep1,main_grid,mobilenet,ctrl_offset_shift,vanilla,1,32,64,CALC,ws,5000000,15000000,25000000,40,174.64,0,ok,False,1433453,1539472,27,/data/grizos/SCALE-Sim/topologies/conv_nets/mobilenet.csv,/data/grizos/Scale-Sim-SPM/benchmarks/results/cfgs/mobilenet__ctrl_offset_shift__vanilla__rep1.cfg,/data/grizos/Scale-Sim-SPM/benchmarks/results/runs/vanilla/mobilenet__ctrl_offset_shift__vanilla__rep1,/data/grizos/Scale-Sim-SPM/benchmarks/results/logs/vanilla/mobilenet__ctrl_offset_shift__vanilla__rep1.log,1.24.4,wil,3.8.10,x86_64,2026-09-19T15:58:21.680920+00:00
mobilenet__ctrl_offset_shift__optimized__rep1,main_grid,mobilenet,ctrl_offset_shift,optimized,1,32,64,CALC,ws,5000000,15000000,25000000,40,101.929,0,ok,False,1433453,1539472,27,/data/grizos/Scale-Sim-SPM/topologies/conv_nets/mobilenet.csv,/data/grizos/Scale-Sim-SPM/benchmarks/results/cfgs/mobilenet__ctrl_offset_shift__optimized__rep1.cfg,/data/grizos/Scale-Sim-SPM/benchmarks/results/runs/optimized/mobilenet__ctrl_offset_shift__optimized__rep1,/data/grizos/Scale-Sim-SPM/benchmarks/results/logs/optimized/mobilenet__ctrl_offset_shift__optimized__rep1.log,1.24.4,wil,3.8.10,x86_64,2026-09-19T16:00:03.769098+00:00
mobilenet__ctrl_offset_shift__vanilla__rep2,main_grid,mobilenet,ctrl_offset_shift,vanilla,2,32,64,CALC,ws,5000000,15000000,25000000,40,169.823,0,ok,False,1433453,1539472,27,/data/grizos/SCALE-Sim/topologies/conv_nets/mobilenet.csv,/data/grizos/Scale-Sim-SPM/benchmarks/results/cfgs/mobilenet__ctrl_offset_shift__vanilla__rep2.cfg,/data/grizos/Scale-Sim-SPM/benchmarks/results/runs/vanilla/mobilenet__ctrl_offset_shift__vanilla__rep2,/data/grizos/Scale-Sim-SPM/benchmarks/results/logs/vanilla/mobilenet__ctrl_offset_shift__vanilla__rep2.log,1.24.4,wil,3.8.10,x86_64,2026-09-19T16:02:53.752480+00:00
mobilenet__ctrl_offset_shift__optimized__rep2,main_grid,mobilenet,ctrl_offset_shift,optimized,2,32,64,CALC,ws,5000000,15000000,25000000,40,101.582,0,ok,False,1433453,1539472,27,/data/grizos/Scale-Sim-SPM/topologies/conv_nets/mobilenet.csv,/data/grizos/Scale-Sim-SPM/benchmarks/results/cfgs/mobilenet__ctrl_offset_shift__optimized__rep2.cfg,/data/grizos/Scale-Sim-SPM/benchmarks/results/runs/optimized/mobilenet__ctrl_offset_shift__optimized__rep2,/data/grizos/Scale-Sim-SPM/benchmarks/results/logs/optimized/mobilenet__ctrl_offset_shift__optimized__rep2.log,1.24.4,wil,3.8.10,x86_64,2026-09-19T16:04:35.509013+00:00
mobilenet__ctrl_offset_shift__vanilla__rep3,main_grid,mobilenet,ctrl_offset_shift,vanilla,3,32,64,CALC,ws,5000000,15000000,25000000,40,170.08,0,ok,False,1433453,1539472,27,/data/grizos/SCALE-Sim/topologies/conv_nets/mobilenet.csv,/data/grizos/Scale-Sim-SPM/benchmarks/results/cfgs/mobilenet__ctrl_offset_shift__vanilla__rep3.cfg,/data/grizos/Scale-Sim-SPM/benchmarks/results/runs/vanilla/mobilenet__ctrl_offset_shift__vanilla__rep3,/data/grizos/Scale-Sim-SPM/benchmarks/results/logs/vanilla/mobilenet__ctrl_offset_shift__vanilla__rep3.log,1.24.4,wil,3.8.10,x86_64,2026-09-19T16:07:25.746908+00:00
mobilenet__ctrl_offset_shift__optimized__rep3,main_grid,mobilenet,ctrl_offset_shift,optimized,3,32,64,CALC,ws,5000000,15000000,25000000,40,100.855,0,ok,False,1433453,1539472,27,/data/grizos/Scale-Sim-SPM/topologies/conv_nets/mobilenet.csv,/data/grizos/Scale-Sim-SPM/benchmarks/results/cfgs/mobilenet__ctrl_offset_shift__optimized__rep3.cfg,/data/grizos/Scale-Sim-SPM/benchmarks/results/runs/optimized/mobilenet__ctrl_offset_shift__optimized__rep3,/data/grizos/Scale-Sim-SPM/benchmarks/results/logs/optimized/mobilenet__ctrl_offset_shift__optimized__rep3.log,1.24.4,wil,3.8.10,x86_64,2026-09-19T16:09:06.759864+00:00
mobilenet__ctrl_seed_alt__vanilla__rep1,main_grid,mobilenet,ctrl_seed_alt,vanilla,1,32,64,CALC,ws,0,10000000,20000000,777,169.926,0,ok,False,1433453,1539472,27,/data/grizos/SCALE-Sim/topologies/conv_nets/mobilenet.csv,/data/grizos/Scale-Sim-SPM/benchmarks/results/cfgs/mobilenet__ctrl_seed_alt__vanilla__rep1.cfg,/data/grizos/Scale-Sim-SPM/benchmarks/results/runs/vanilla/mobilenet__ctrl_seed_alt__vanilla__rep1,/data/grizos/Scale-Sim-SPM/benchmarks/results/logs/vanilla/mobilenet__ctrl_seed_alt__vanilla__rep1.log,1.24.4,wil,3.8.10,x86_64,2026-09-19T16:11:56.844552+00:00
mobilenet__ctrl_seed_alt__optimized__rep1,main_grid,mobilenet,ctrl_seed_alt,optimized,1,32,64,CALC,ws,0,10000000,20000000,777,98.161,0,ok,False,1433453,1539472,27,/data/grizos/Scale-Sim-SPM/topologies/conv_nets/mobilenet.csv,/data/grizos/Scale-Sim-SPM/benchmarks/results/cfgs/mobilenet__ctrl_seed_alt__optimized__rep1.cfg,/data/grizos/Scale-Sim-SPM/benchmarks/results/runs/optimized/mobilenet__ctrl_seed_alt__optimized__rep1,/data/grizos/Scale-Sim-SPM/benchmarks/results/logs/optimized/mobilenet__ctrl_seed_alt__optimized__rep1.log,1.24.4,wil,3.8.10,x86_64,2026-09-19T16:13:35.152398+00:00
mobilenet__ctrl_seed_alt__vanilla__rep2,main_grid,mobilenet,ctrl_seed_alt,vanilla,2,32,64,CALC,ws,0,10000000,20000000,777,170.223,0,ok,False,1433453,1539472,27,/data/grizos/SCALE-Sim/topologies/conv_nets/mobilenet.csv,/data/grizos/Scale-Sim-SPM/benchmarks/results/cfgs/mobilenet__ctrl_seed_alt__vanilla__rep2.cfg,/data/grizos/Scale-Sim-SPM/benchmarks/results/runs/vanilla/mobilenet__ctrl_seed_alt__vanilla__rep2,/data/grizos/Scale-Sim-SPM/benchmarks/results/logs/vanilla/mobilenet__ctrl_seed_alt__vanilla__rep2.log,1.24.4,wil,3.8.10,x86_64,2026-09-19T16:16:25.520666+00:00
mobilenet__ctrl_seed_alt__optimized__rep2,main_grid,mobilenet,ctrl_seed_alt,optimized,2,32,64,CALC,ws,0,10000000,20000000,777,100.532,0,ok,False,1433453,1539472,27,/data/grizos/Scale-Sim-SPM/topologies/conv_nets/mobilenet.csv,/data/grizos/Scale-Sim-SPM/benchmarks/results/cfgs/mobilenet__ctrl_seed_alt__optimized__rep2.cfg,/data/grizos/Scale-Sim-SPM/benchmarks/results/runs/optimized/mobilenet__ctrl_seed_alt__optimized__rep2,/data/grizos/Scale-Sim-SPM/benchmarks/results/logs/optimized/mobilenet__ctrl_seed_alt__optimized__rep2.log,1.24.4,wil,3.8.10,x86_64,2026-09-19T16:18:06.197542+00:00
mobilenet__ctrl_seed_alt__vanilla__rep3,main_grid,mobilenet,ctrl_seed_alt,vanilla,3,32,64,CALC,ws,0,10000000,20000000,777,169.418,0,ok,False,1433453,1539472,27,/data/grizos/SCALE-Sim/topologies/conv_nets/mobilenet.csv,/data/grizos/Scale-Sim-SPM/benchmarks/results/cfgs/mobilenet__ctrl_seed_alt__vanilla__rep3.cfg,/data/grizos/Scale-Sim-SPM/benchmarks/results/runs/vanilla/mobilenet__ctrl_seed_alt__vanilla__rep3,/data/grizos/Scale-Sim-SPM/benchmarks/results/logs/vanilla/mobilenet__ctrl_seed_alt__vanilla__rep3.log,1.24.4,wil,3.8.10,x86_64,2026-09-19T16:20:55.763367+00:00
mobilenet__ctrl_seed_alt__optimized__rep3,main_grid,mobilenet,ctrl_seed_alt,optimized,3,32,64,CALC,ws,0,10000000,20000000,777,102.94,0,ok,False,1433453,1539472,27,/data/grizos/Scale-Sim-SPM/topologies/conv_nets/mobilenet.csv,/data/grizos/Scale-Sim-SPM/benchmarks/results/cfgs/mobilenet__ctrl_seed_alt__optimized__rep3.cfg,/data/grizos/Scale-Sim-SPM/benchmarks/results/runs/optimized/mobilenet__ctrl_seed_alt__optimized__rep3,/data/grizos/Scale-Sim-SPM/benchmarks/results/logs/optimized/mobilenet__ctrl_seed_alt__optimized__rep3.log,1.24.4,wil,3.8.10,x86_64,2026-09-19T16:22:38.851031+00:00
googlenet__anchor__vanilla__rep1,main_grid,googlenet,anchor,vanilla,1,32,64,CALC,ws,0,10000000,20000000,40,245.302,0,ok,False,1987921,2214019,58,/data/grizos/SCALE-Sim/topologies/conv_nets/Googlenet.csv,/data/grizos/Scale-Sim-SPM/benchmarks/results/cfgs/googlenet__anchor__vanilla__rep1.cfg,/data/grizos/Scale-Sim-SPM/benchmarks/results/runs/vanilla/googlenet__anchor__vanilla__rep1,/data/grizos/Scale-Sim-SPM/benchmarks/results/logs/vanilla/googlenet__anchor__vanilla__rep1.log,1.24.4,wil,3.8.10,x86_64,2026-09-19T16:26:44.300431+00:00
googlenet__anchor__optimized__rep1,main_grid,googlenet,anchor,optimized,1,32,64,CALC,ws,0,10000000,20000000,40,150.125,0,ok,False,1987921,2214019,58,/data/grizos/Scale-Sim-SPM/topologies/conv_nets/Googlenet.csv,/data/grizos/Scale-Sim-SPM/benchmarks/results/cfgs/googlenet__anchor__optimized__rep1.cfg,/data/grizos/Scale-Sim-SPM/benchmarks/results/runs/optimized/googlenet__anchor__optimized__rep1,/data/grizos/Scale-Sim-SPM/benchmarks/results/logs/optimized/googlenet__anchor__optimized__rep1.log,1.24.4,wil,3.8.10,x86_64,2026-09-19T16:29:14.662523+00:00
googlenet__anchor__vanilla__rep2,main_grid,googlenet,anchor,vanilla,2,32,64,CALC,ws,0,10000000,20000000,40,246.889,0,ok,False,1987921,2214019,58,/data/grizos/SCALE-Sim/topologies/conv_nets/Googlenet.csv,/data/grizos/Scale-Sim-SPM/benchmarks/results/cfgs/googlenet__anchor__vanilla__rep2.cfg,/data/grizos/Scale-Sim-SPM/benchmarks/results/runs/vanilla/googlenet__anchor__vanilla__rep2,/data/grizos/Scale-Sim-SPM/benchmarks/results/logs/vanilla/googlenet__anchor__vanilla__rep2.log,1.24.4,wil,3.8.10,x86_64,2026-09-19T16:33:21.777123+00:00
googlenet__anchor__optimized__rep2,main_grid,googlenet,anchor,optimized,2,32,64,CALC,ws,0,10000000,20000000,40,151.349,0,ok,False,1987921,2214019,58,/data/grizos/Scale-Sim-SPM/topologies/conv_nets/Googlenet.csv,/data/grizos/Scale-Sim-SPM/benchmarks/results/cfgs/googlenet__anchor__optimized__rep2.cfg,/data/grizos/Scale-Sim-SPM/benchmarks/results/runs/optimized/googlenet__anchor__optimized__rep2,/data/grizos/Scale-Sim-SPM/benchmarks/results/logs/optimized/googlenet__anchor__optimized__rep2.log,1.24.4,wil,3.8.10,x86_64,2026-09-19T16:35:53.350747+00:00
googlenet__anchor__vanilla__rep3,main_grid,googlenet,anchor,vanilla,3,32,64,CALC,ws,0,10000000,20000000,40,247.05,0,ok,False,1987921,2214019,58,/data/grizos/SCALE-Sim/topologies/conv_nets/Googlenet.csv,/data/grizos/Scale-Sim-SPM/benchmarks/results/cfgs/googlenet__anchor__vanilla__rep3.cfg,/data/grizos/Scale-Sim-SPM/benchmarks/results/runs/vanilla/googlenet__anchor__vanilla__rep3,/data/grizos/Scale-Sim-SPM/benchmarks/results/logs/vanilla/googlenet__anchor__vanilla__rep3.log,1.24.4,wil,3.8.10,x86_64,2026-09-19T16:40:00.624400+00:00
googlenet__anchor__optimized__rep3,main_grid,googlenet,anchor,optimized,3,32,64,CALC,ws,0,10000000,20000000,40,149.075,0,ok,False,1987921,2214019,58,/data/grizos/Scale-Sim-SPM/topologies/conv_nets/Googlenet.csv,/data/grizos/Scale-Sim-SPM/benchmarks/results/cfgs/googlenet__anchor__optimized__rep3.cfg,/data/grizos/Scale-Sim-SPM/benchmarks/results/runs/optimized/googlenet__anchor__optimized__rep3,/data/grizos/Scale-Sim-SPM/benchmarks/results/logs/optimized/googlenet__anchor__optimized__rep3.log,1.24.4,wil,3.8.10,x86_64,2026-09-19T16:42:29.924497+00:00
googlenet__grid_a16_s16_calc__vanilla__rep1,main_grid,googlenet,grid_a16_s16_calc,vanilla,1,16,16,CALC,ws,0,10000000,20000000,40,742.324,0,ok,False,6564448,6634166,58,/data/grizos/SCALE-Sim/topologies/conv_nets/Googlenet.csv,/data/grizos/Scale-Sim-SPM/benchmarks/results/cfgs/googlenet__grid_a16_s16_calc__vanilla__rep1.cfg,/data/grizos/Scale-Sim-SPM/benchmarks/results/runs/vanilla/googlenet__grid_a16_s16_calc__vanilla__rep1,/data/grizos/Scale-Sim-SPM/benchmarks/results/logs/vanilla/googlenet__grid_a16_s16_calc__vanilla__rep1.log,1.24.4,wil,3.8.10,x86_64,2026-09-19T16:54:52.472384+00:00
googlenet__grid_a16_s16_calc__optimized__rep1,main_grid,googlenet,grid_a16_s16_calc,optimized,1,16,16,CALC,ws,0,10000000,20000000,40,375.153,0,ok,False,6564448,6634166,58,/data/grizos/Scale-Sim-SPM/topologies/conv_nets/Googlenet.csv,/data/grizos/Scale-Sim-SPM/benchmarks/results/cfgs/googlenet__grid_a16_s16_calc__optimized__rep1.cfg,/data/grizos/Scale-Sim-SPM/benchmarks/results/runs/optimized/googlenet__grid_a16_s16_calc__optimized__rep1,/data/grizos/Scale-Sim-SPM/benchmarks/results/logs/optimized/googlenet__grid_a16_s16_calc__optimized__rep1.log,1.24.4,wil,3.8.10,x86_64,2026-09-19T17:01:08.056575+00:00
googlenet__grid_a16_s16_calc__vanilla__rep2,main_grid,googlenet,grid_a16_s16_calc,vanilla,2,16,16,CALC,ws,0,10000000,20000000,40,742.829,0,ok,False,6564448,6634166,58,/data/grizos/SCALE-Sim/topologies/conv_nets/Googlenet.csv,/data/grizos/Scale-Sim-SPM/benchmarks/results/cfgs/googlenet__grid_a16_s16_calc__vanilla__rep2.cfg,/data/grizos/Scale-Sim-SPM/benchmarks/results/runs/vanilla/googlenet__grid_a16_s16_calc__vanilla__rep2,/data/grizos/Scale-Sim-SPM/benchmarks/results/logs/vanilla/googlenet__grid_a16_s16_calc__vanilla__rep2.log,1.24.4,wil,3.8.10,x86_64,2026-09-19T17:13:31.317717+00:00
googlenet__grid_a16_s16_calc__optimized__rep2,main_grid,googlenet,grid_a16_s16_calc,optimized,2,16,16,CALC,ws,0,10000000,20000000,40,374.462,0,ok,False,6564448,6634166,58,/data/grizos/Scale-Sim-SPM/topologies/conv_nets/Googlenet.csv,/data/grizos/Scale-Sim-SPM/benchmarks/results/cfgs/googlenet__grid_a16_s16_calc__optimized__rep2.cfg,/data/grizos/Scale-Sim-SPM/benchmarks/results/runs/optimized/googlenet__grid_a16_s16_calc__optimized__rep2,/data/grizos/Scale-Sim-SPM/benchmarks/results/logs/optimized/googlenet__grid_a16_s16_calc__optimized__rep2.log,1.24.4,wil,3.8.10,x86_64,2026-09-19T17:19:46.255094+00:00
googlenet__grid_a16_s16_calc__vanilla__rep3,main_grid,googlenet,grid_a16_s16_calc,vanilla,3,16,16,CALC,ws,0,10000000,20000000,40,733.687,0,ok,False,6564448,6634166,58,/data/grizos/SCALE-Sim/topologies/conv_nets/Googlenet.csv,/data/grizos/Scale-Sim-SPM/benchmarks/results/cfgs/googlenet__grid_a16_s16_calc__vanilla__rep3.cfg,/data/grizos/Scale-Sim-SPM/benchmarks/results/runs/vanilla/googlenet__grid_a16_s16_calc__vanilla__rep3,/data/grizos/Scale-Sim-SPM/benchmarks/results/logs/vanilla/googlenet__grid_a16_s16_calc__vanilla__rep3.log,1.24.4,wil,3.8.10,x86_64,2026-09-19T17:32:00.380977+00:00
googlenet__grid_a16_s16_calc__optimized__rep3,main_grid,googlenet,grid_a16_s16_calc,optimized,3,16,16,CALC,ws,0,10000000,20000000,40,370.369,0,ok,False,6564448,6634166,58,/data/grizos/Scale-Sim-SPM/topologies/conv_nets/Googlenet.csv,/data/grizos/Scale-Sim-SPM/benchmarks/results/cfgs/googlenet__grid_a16_s16_calc__optimized__rep3.cfg,/data/grizos/Scale-Sim-SPM/benchmarks/results/runs/optimized/googlenet__grid_a16_s16_calc__optimized__rep3,/data/grizos/Scale-Sim-SPM/benchmarks/results/logs/optimized/googlenet__grid_a16_s16_calc__optimized__rep3.log,1.24.4,wil,3.8.10,x86_64,2026-09-19T17:38:11.185959+00:00
googlenet__grid_a16_s16_user__vanilla__rep1,main_grid,googlenet,grid_a16_s16_user,vanilla,1,16,16,USER,ws,0,10000000,20000000,40,5400.118,,timeout,True,,,,/data/grizos/SCALE-Sim/topologies/conv_nets/Googlenet.csv,/data/grizos/Scale-Sim-SPM/benchmarks/results/cfgs/googlenet__grid_a16_s16_user__vanilla__rep1.cfg,/data/grizos/Scale-Sim-SPM/benchmarks/results/runs/vanilla/googlenet__grid_a16_s16_user__vanilla__rep1,/data/grizos/Scale-Sim-SPM/benchmarks/results/logs/vanilla/googlenet__grid_a16_s16_user__vanilla__rep1.log,1.24.4,wil,3.8.10,x86_64,2026-09-19T19:08:11.740168+00:00
googlenet__grid_a16_s16_user__optimized__rep1,main_grid,googlenet,grid_a16_s16_user,optimized,1,16,16,USER,ws,0,10000000,20000000,40,940.932,0,ok,False,162009849,162102065,58,/data/grizos/Scale-Sim-SPM/topologies/conv_nets/Googlenet.csv,/data/grizos/Scale-Sim-SPM/benchmarks/results/cfgs/googlenet__grid_a16_s16_user__optimized__rep1.cfg,/data/grizos/Scale-Sim-SPM/benchmarks/results/runs/optimized/googlenet__grid_a16_s16_user__optimized__rep1,/data/grizos/Scale-Sim-SPM/benchmarks/results/logs/optimized/googlenet__grid_a16_s16_user__optimized__rep1.log,1.24.4,wil,3.8.10,x86_64,2026-09-19T19:23:53.523715+00:00
googlenet__grid_a16_s16_user__vanilla__rep2,main_grid,googlenet,grid_a16_s16_user,vanilla,2,16,16,USER,ws,0,10000000,20000000,40,5400.111,,timeout,True,,,,/data/grizos/SCALE-Sim/topologies/conv_nets/Googlenet.csv,/data/grizos/Scale-Sim-SPM/benchmarks/results/cfgs/googlenet__grid_a16_s16_user__vanilla__rep2.cfg,/data/grizos/Scale-Sim-SPM/benchmarks/results/runs/vanilla/googlenet__grid_a16_s16_user__vanilla__rep2,/data/grizos/Scale-Sim-SPM/benchmarks/results/logs/vanilla/googlenet__grid_a16_s16_user__vanilla__rep2.log,1.24.4,wil,3.8.10,x86_64,2026-09-19T20:53:55.938818+00:00
googlenet__grid_a16_s16_user__optimized__rep2,main_grid,googlenet,grid_a16_s16_user,optimized,2,16,16,USER,ws,0,10000000,20000000,40,920.592,0,ok,False,162009849,162102065,58,/data/grizos/Scale-Sim-SPM/topologies/conv_nets/Googlenet.csv,/data/grizos/Scale-Sim-SPM/benchmarks/results/cfgs/googlenet__grid_a16_s16_user__optimized__rep2.cfg,/data/grizos/Scale-Sim-SPM/benchmarks/results/runs/optimized/googlenet__grid_a16_s16_user__optimized__rep2,/data/grizos/Scale-Sim-SPM/benchmarks/results/logs/optimized/googlenet__grid_a16_s16_user__optimized__rep2.log,1.24.4,wil,3.8.10,x86_64,2026-09-19T21:09:17.391379+00:00
googlenet__grid_a16_s16_user__vanilla__rep3,main_grid,googlenet,grid_a16_s16_user,vanilla,3,16,16,USER,ws,0,10000000,20000000,40,5400.124,,timeout,True,,,,/data/grizos/SCALE-Sim/topologies/conv_nets/Googlenet.csv,/data/grizos/Scale-Sim-SPM/benchmarks/results/cfgs/googlenet__grid_a16_s16_user__vanilla__rep3.cfg,/data/grizos/Scale-Sim-SPM/benchmarks/results/runs/vanilla/googlenet__grid_a16_s16_user__vanilla__rep3,/data/grizos/Scale-Sim-SPM/benchmarks/results/logs/vanilla/googlenet__grid_a16_s16_user__vanilla__rep3.log,1.24.4,wil,3.8.10,x86_64,2026-09-19T22:39:19.989232+00:00
googlenet__grid_a16_s16_user__optimized__rep3,main_grid,googlenet,grid_a16_s16_user,optimized,3,16,16,USER,ws,0,10000000,20000000,40,936.749,0,ok,False,162009849,162102065,58,/data/grizos/Scale-Sim-SPM/topologies/conv_nets/Googlenet.csv,/data/grizos/Scale-Sim-SPM/benchmarks/results/cfgs/googlenet__grid_a16_s16_user__optimized__rep3.cfg,/data/grizos/Scale-Sim-SPM/benchmarks/results/runs/optimized/googlenet__grid_a16_s16_user__optimized__rep3,/data/grizos/Scale-Sim-SPM/benchmarks/results/logs/optimized/googlenet__grid_a16_s16_user__optimized__rep3.log,1.24.4,wil,3.8.10,x86_64,2026-09-19T22:54:57.607428+00:00
googlenet__grid_a16_s256_calc__vanilla__rep1,main_grid,googlenet,grid_a16_s256_calc,vanilla,1,16,256,CALC,ws,0,10000000,20000000,40,572.111,0,ok,False,6564448,7506895,58,/data/grizos/SCALE-Sim/topologies/conv_nets/Googlenet.csv,/data/grizos/Scale-Sim-SPM/benchmarks/results/cfgs/googlenet__grid_a16_s256_calc__vanilla__rep1.cfg,/data/grizos/Scale-Sim-SPM/benchmarks/results/runs/vanilla/googlenet__grid_a16_s256_calc__vanilla__rep1,/data/grizos/Scale-Sim-SPM/benchmarks/results/logs/vanilla/googlenet__grid_a16_s256_calc__vanilla__rep1.log,1.24.4,wil,3.8.10,x86_64,2026-09-19T23:04:32.151339+00:00
googlenet__grid_a16_s256_calc__optimized__rep1,main_grid,googlenet,grid_a16_s256_calc,optimized,1,16,256,CALC,ws,0,10000000,20000000,40,343.473,0,ok,False,6564448,7506895,58,/data/grizos/Scale-Sim-SPM/topologies/conv_nets/Googlenet.csv,/data/grizos/Scale-Sim-SPM/benchmarks/results/cfgs/googlenet__grid_a16_s256_calc__optimized__rep1.cfg,/data/grizos/Scale-Sim-SPM/benchmarks/results/runs/optimized/googlenet__grid_a16_s256_calc__optimized__rep1,/data/grizos/Scale-Sim-SPM/benchmarks/results/logs/optimized/googlenet__grid_a16_s256_calc__optimized__rep1.log,1.24.4,wil,3.8.10,x86_64,2026-09-19T23:10:16.001915+00:00
googlenet__grid_a16_s256_calc__vanilla__rep2,main_grid,googlenet,grid_a16_s256_calc,vanilla,2,16,256,CALC,ws,0,10000000,20000000,40,574.533,0,ok,False,6564448,7506895,58,/data/grizos/SCALE-Sim/topologies/conv_nets/Googlenet.csv,/data/grizos/Scale-Sim-SPM/benchmarks/results/cfgs/googlenet__grid_a16_s256_calc__vanilla__rep2.cfg,/data/grizos/Scale-Sim-SPM/benchmarks/results/runs/vanilla/googlenet__grid_a16_s256_calc__vanilla__rep2,/data/grizos/Scale-Sim-SPM/benchmarks/results/logs/vanilla/googlenet__grid_a16_s256_calc__vanilla__rep2.log,1.24.4,wil,3.8.10,x86_64,2026-09-19T23:19:50.904832+00:00
googlenet__grid_a16_s256_calc__optimized__rep2,main_grid,googlenet,grid_a16_s256_calc,optimized,2,16,256,CALC,ws,0,10000000,20000000,40,342.248,0,ok,False,6564448,7506895,58,/data/grizos/Scale-Sim-SPM/topologies/conv_nets/Googlenet.csv,/data/grizos/Scale-Sim-SPM/benchmarks/results/cfgs/googlenet__grid_a16_s256_calc__optimized__rep2.cfg,/data/grizos/Scale-Sim-SPM/benchmarks/results/runs/optimized/googlenet__grid_a16_s256_calc__optimized__rep2,/data/grizos/Scale-Sim-SPM/benchmarks/results/logs/optimized/googlenet__grid_a16_s256_calc__optimized__rep2.log,1.24.4,wil,3.8.10,x86_64,2026-09-19T23:25:33.530463+00:00
googlenet__grid_a16_s256_calc__vanilla__rep3,main_grid,googlenet,grid_a16_s256_calc,vanilla,3,16,256,CALC,ws,0,10000000,20000000,40,570.097,0,ok,False,6564448,7506895,58,/data/grizos/SCALE-Sim/topologies/conv_nets/Googlenet.csv,/data/grizos/Scale-Sim-SPM/benchmarks/results/cfgs/googlenet__grid_a16_s256_calc__vanilla__rep3.cfg,/data/grizos/Scale-Sim-SPM/benchmarks/results/runs/vanilla/googlenet__grid_a16_s256_calc__vanilla__rep3,/data/grizos/Scale-Sim-SPM/benchmarks/results/logs/vanilla/googlenet__grid_a16_s256_calc__vanilla__rep3.log,1.24.4,wil,3.8.10,x86_64,2026-09-19T23:35:03.998673+00:00
googlenet__grid_a16_s256_calc__optimized__rep3,main_grid,googlenet,grid_a16_s256_calc,optimized,3,16,256,CALC,ws,0,10000000,20000000,40,343.065,0,ok,False,6564448,7506895,58,/data/grizos/Scale-Sim-SPM/topologies/conv_nets/Googlenet.csv,/data/grizos/Scale-Sim-SPM/benchmarks/results/cfgs/googlenet__grid_a16_s256_calc__optimized__rep3.cfg,/data/grizos/Scale-Sim-SPM/benchmarks/results/runs/optimized/googlenet__grid_a16_s256_calc__optimized__rep3,/data/grizos/Scale-Sim-SPM/benchmarks/results/logs/optimized/googlenet__grid_a16_s256_calc__optimized__rep3.log,1.24.4,wil,3.8.10,x86_64,2026-09-19T23:40:47.470589+00:00
googlenet__grid_a16_s256_user__vanilla__rep1,main_grid,googlenet,grid_a16_s256_user,vanilla,1,16,256,USER,ws,0,10000000,20000000,40,839.525,0,ok,False,14679732,16007780,58,/data/grizos/SCALE-Sim/topologies/conv_nets/Googlenet.csv,/data/grizos/Scale-Sim-SPM/benchmarks/results/cfgs/googlenet__grid_a16_s256_user__vanilla__rep1.cfg,/data/grizos/Scale-Sim-SPM/benchmarks/results/runs/vanilla/googlenet__grid_a16_s256_user__vanilla__rep1,/data/grizos/Scale-Sim-SPM/benchmarks/results/logs/vanilla/googlenet__grid_a16_s256_user__vanilla__rep1.log,1.24.4,wil,3.8.10,x86_64,2026-09-19T23:54:47.366993+00:00
googlenet__grid_a16_s256_user__optimized__rep1,main_grid,googlenet,grid_a16_s256_user,optimized,1,16,256,USER,ws,0,10000000,20000000,40,428.258,0,ok,False,14679732,16007780,58,/data/grizos/Scale-Sim-SPM/topologies/conv_nets/Googlenet.csv,/data/grizos/Scale-Sim-SPM/benchmarks/results/cfgs/googlenet__grid_a16_s256_user__optimized__rep1.cfg,/data/grizos/Scale-Sim-SPM/benchmarks/results/runs/optimized/googlenet__grid_a16_s256_user__optimized__rep1,/data/grizos/Scale-Sim-SPM/benchmarks/results/logs/optimized/googlenet__grid_a16_s256_user__optimized__rep1.log,1.24.4,wil,3.8.10,x86_64,2026-09-20T00:01:56.099973+00:00
googlenet__grid_a16_s256_user__vanilla__rep2,main_grid,googlenet,grid_a16_s256_user,vanilla,2,16,256,USER,ws,0,10000000,20000000,40,835.551,0,ok,False,14679732,16007780,58,/data/grizos/SCALE-Sim/topologies/conv_nets/Googlenet.csv,/data/grizos/Scale-Sim-SPM/benchmarks/results/cfgs/googlenet__grid_a16_s256_user__vanilla__rep2.cfg,/data/grizos/Scale-Sim-SPM/benchmarks/results/runs/vanilla/googlenet__grid_a16_s256_user__vanilla__rep2,/data/grizos/Scale-Sim-SPM/benchmarks/results/logs/vanilla/googlenet__grid_a16_s256_user__vanilla__rep2.log,1.24.4,wil,3.8.10,x86_64,2026-09-20T00:15:52.138581+00:00
googlenet__grid_a16_s256_user__optimized__rep2,main_grid,googlenet,grid_a16_s256_user,optimized,2,16,256,USER,ws,0,10000000,20000000,40,425.891,0,ok,False,14679732,16007780,58,/data/grizos/Scale-Sim-SPM/topologies/conv_nets/Googlenet.csv,/data/grizos/Scale-Sim-SPM/benchmarks/results/cfgs/googlenet__grid_a16_s256_user__optimized__rep2.cfg,/data/grizos/Scale-Sim-SPM/benchmarks/results/runs/optimized/googlenet__grid_a16_s256_user__optimized__rep2,/data/grizos/Scale-Sim-SPM/benchmarks/results/logs/optimized/googlenet__grid_a16_s256_user__optimized__rep2.log,1.24.4,wil,3.8.10,x86_64,2026-09-20T00:22:58.525774+00:00
googlenet__grid_a16_s256_user__vanilla__rep3,main_grid,googlenet,grid_a16_s256_user,vanilla,3,16,256,USER,ws,0,10000000,20000000,40,835.527,0,ok,False,14679732,16007780,58,/data/grizos/SCALE-Sim/topologies/conv_nets/Googlenet.csv,/data/grizos/Scale-Sim-SPM/benchmarks/results/cfgs/googlenet__grid_a16_s256_user__vanilla__rep3.cfg,/data/grizos/Scale-Sim-SPM/benchmarks/results/runs/vanilla/googlenet__grid_a16_s256_user__vanilla__rep3,/data/grizos/Scale-Sim-SPM/benchmarks/results/logs/vanilla/googlenet__grid_a16_s256_user__vanilla__rep3.log,1.24.4,wil,3.8.10,x86_64,2026-09-20T00:36:54.545573+00:00
googlenet__grid_a16_s256_user__optimized__rep3,main_grid,googlenet,grid_a16_s256_user,optimized,3,16,256,USER,ws,0,10000000,20000000,40,419.215,0,ok,False,14679732,16007780,58,/data/grizos/Scale-Sim-SPM/topologies/conv_nets/Googlenet.csv,/data/grizos/Scale-Sim-SPM/benchmarks/results/cfgs/googlenet__grid_a16_s256_user__optimized__rep3.cfg,/data/grizos/Scale-Sim-SPM/benchmarks/results/runs/optimized/googlenet__grid_a16_s256_user__optimized__rep3,/data/grizos/Scale-Sim-SPM/benchmarks/results/logs/optimized/googlenet__grid_a16_s256_user__optimized__rep3.log,1.24.4,wil,3.8.10,x86_64,2026-09-20T00:43:54.253552+00:00
googlenet__grid_a64_s16_calc__optimized__rep1,main_grid,googlenet,grid_a64_s16_calc,optimized,1,64,16,CALC,ws,0,10000000,20000000,40,79.439,0,ok,False,714911,766204,58,/data/grizos/Scale-Sim-SPM/topologies/conv_nets/Googlenet.csv,/data/grizos/Scale-Sim-SPM/benchmarks/results/cfgs/googlenet__grid_a64_s16_calc__optimized__rep1.cfg,/data/grizos/Scale-Sim-SPM/benchmarks/results/runs/optimized/googlenet__grid_a64_s16_calc__optimized__rep1,/data/grizos/Scale-Sim-SPM/benchmarks/results/logs/optimized/googlenet__grid_a64_s16_calc__optimized__rep1.log,1.24.4,wil,3.8.10,x86_64,2026-09-20T00:45:14.066489+00:00
googlenet__grid_a64_s16_calc__vanilla__rep2,main_grid,googlenet,grid_a64_s16_calc,vanilla,2,64,16,CALC,ws,0,10000000,20000000,40,128.097,0,ok,False,714911,766204,58,/data/grizos/SCALE-Sim/topologies/conv_nets/Googlenet.csv,/data/grizos/Scale-Sim-SPM/benchmarks/results/cfgs/googlenet__grid_a64_s16_calc__vanilla__rep2.cfg,/data/grizos/Scale-Sim-SPM/benchmarks/results/runs/vanilla/googlenet__grid_a64_s16_calc__vanilla__rep2,/data/grizos/Scale-Sim-SPM/benchmarks/results/logs/vanilla/googlenet__grid_a64_s16_calc__vanilla__rep2.log,1.24.4,wil,3.8.10,x86_64,2026-09-20T00:47:22.315573+00:00
googlenet__grid_a64_s16_calc__optimized__rep2,main_grid,googlenet,grid_a64_s16_calc,optimized,2,64,16,CALC,ws,0,10000000,20000000,40,80.739,0,ok,False,714911,766204,58,/data/grizos/Scale-Sim-SPM/topologies/conv_nets/Googlenet.csv,/data/grizos/Scale-Sim-SPM/benchmarks/results/cfgs/googlenet__grid_a64_s16_calc__optimized__rep2.cfg,/data/grizos/Scale-Sim-SPM/benchmarks/results/runs/optimized/googlenet__grid_a64_s16_calc__optimized__rep2,/data/grizos/Scale-Sim-SPM/benchmarks/results/logs/optimized/googlenet__grid_a64_s16_calc__optimized__rep2.log,1.24.4,wil,3.8.10,x86_64,2026-09-20T00:48:43.208114+00:00
googlenet__grid_a64_s16_calc__vanilla__rep3,main_grid,googlenet,grid_a64_s16_calc,vanilla,3,64,16,CALC,ws,0,10000000,20000000,40,130.451,0,ok,False,714911,766204,58,/data/grizos/SCALE-Sim/topologies/conv_nets/Googlenet.csv,/data/grizos/Scale-Sim-SPM/benchmarks/results/cfgs/googlenet__grid_a64_s16_calc__vanilla__rep3.cfg,/data/grizos/Scale-Sim-SPM/benchmarks/results/runs/vanilla/googlenet__grid_a64_s16_calc__vanilla__rep3,/data/grizos/Scale-Sim-SPM/benchmarks/results/logs/vanilla/googlenet__grid_a64_s16_calc__vanilla__rep3.log,1.24.4,wil,3.8.10,x86_64,2026-09-20T00:50:53.811666+00:00
googlenet__grid_a64_s16_calc__optimized__rep3,main_grid,googlenet,grid_a64_s16_calc,optimized,3,64,16,CALC,ws,0,10000000,20000000,40,80.088,0,ok,False,714911,766204,58,/data/grizos/Scale-Sim-SPM/topologies/conv_nets/Googlenet.csv,/data/grizos/Scale-Sim-SPM/benchmarks/results/cfgs/googlenet__grid_a64_s16_calc__optimized__rep3.cfg,/data/grizos/Scale-Sim-SPM/benchmarks/results/runs/optimized/googlenet__grid_a64_s16_calc__optimized__rep3,/data/grizos/Scale-Sim-SPM/benchmarks/results/logs/optimized/googlenet__grid_a64_s16_calc__optimized__rep3.log,1.24.4,wil,3.8.10,x86_64,2026-09-20T00:52:14.051595+00:00
googlenet__grid_a64_s16_user__vanilla__rep1,main_grid,googlenet,grid_a64_s16_user,vanilla,1,64,16,USER,ws,0,10000000,20000000,40,5400.135,,timeout,True,,,,/data/grizos/SCALE-Sim/topologies/conv_nets/Googlenet.csv,/data/grizos/Scale-Sim-SPM/benchmarks/results/cfgs/googlenet__grid_a64_s16_user__vanilla__rep1.cfg,/data/grizos/Scale-Sim-SPM/benchmarks/results/runs/vanilla/googlenet__grid_a64_s16_user__vanilla__rep1,/data/grizos/Scale-Sim-SPM/benchmarks/results/logs/vanilla/googlenet__grid_a64_s16_user__vanilla__rep1.log,1.24.4,wil,3.8.10,x86_64,2026-09-20T02:22:14.337416+00:00
googlenet__grid_a64_s16_user__optimized__rep1,main_grid,googlenet,grid_a64_s16_user,optimized,1,64,16,USER,ws,0,10000000,20000000,40,329.432,0,ok,False,64078821,64172757,58,/data/grizos/Scale-Sim-SPM/topologies/conv_nets/Googlenet.csv,/data/grizos/Scale-Sim-SPM/benchmarks/results/cfgs/googlenet__grid_a64_s16_user__optimized__rep1.cfg,/data/grizos/Scale-Sim-SPM/benchmarks/results/runs/optimized/googlenet__grid_a64_s16_user__optimized__rep1,/data/grizos/Scale-Sim-SPM/benchmarks/results/logs/optimized/googlenet__grid_a64_s16_user__optimized__rep1.log,1.24.4,wil,3.8.10,x86_64,2026-09-20T02:27:44.538214+00:00
googlenet__grid_a64_s16_user__vanilla__rep2,main_grid,googlenet,grid_a64_s16_user,vanilla,2,64,16,USER,ws,0,10000000,20000000,40,5400.131,,timeout,True,,,,/data/grizos/SCALE-Sim/topologies/conv_nets/Googlenet.csv,/data/grizos/Scale-Sim-SPM/benchmarks/results/cfgs/googlenet__grid_a64_s16_user__vanilla__rep2.cfg,/data/grizos/Scale-Sim-SPM/benchmarks/results/runs/vanilla/googlenet__grid_a64_s16_user__vanilla__rep2,/data/grizos/Scale-Sim-SPM/benchmarks/results/logs/vanilla/googlenet__grid_a64_s16_user__vanilla__rep2.log,1.24.4,wil,3.8.10,x86_64,2026-09-20T03:57:45.593641+00:00
googlenet__grid_a64_s16_user__optimized__rep2,main_grid,googlenet,grid_a64_s16_user,optimized,2,64,16,USER,ws,0,10000000,20000000,40,324.416,0,ok,False,64078821,64172757,58,/data/grizos/Scale-Sim-SPM/topologies/conv_nets/Googlenet.csv,/data/grizos/Scale-Sim-SPM/benchmarks/results/cfgs/googlenet__grid_a64_s16_user__optimized__rep2.cfg,/data/grizos/Scale-Sim-SPM/benchmarks/results/runs/optimized/googlenet__grid_a64_s16_user__optimized__rep2,/data/grizos/Scale-Sim-SPM/benchmarks/results/logs/optimized/googlenet__grid_a64_s16_user__optimized__rep2.log,1.24.4,wil,3.8.10,x86_64,2026-09-20T04:03:10.778960+00:00
googlenet__grid_a64_s16_user__vanilla__rep3,main_grid,googlenet,grid_a64_s16_user,vanilla,3,64,16,USER,ws,0,10000000,20000000,40,5400.11,,timeout,True,,,,/data/grizos/SCALE-Sim/topologies/conv_nets/Googlenet.csv,/data/grizos/Scale-Sim-SPM/benchmarks/results/cfgs/googlenet__grid_a64_s16_user__vanilla__rep3.cfg,/data/grizos/Scale-Sim-SPM/benchmarks/results/runs/vanilla/googlenet__grid_a64_s16_user__vanilla__rep3,/data/grizos/Scale-Sim-SPM/benchmarks/results/logs/vanilla/googlenet__grid_a64_s16_user__vanilla__rep3.log,1.24.4,wil,3.8.10,x86_64,2026-09-20T05:33:11.829123+00:00
googlenet__grid_a64_s16_user__optimized__rep3,main_grid,googlenet,grid_a64_s16_user,optimized,3,64,16,USER,ws,0,10000000,20000000,40,329.548,0,ok,False,64078821,64172757,58,/data/grizos/Scale-Sim-SPM/topologies/conv_nets/Googlenet.csv,/data/grizos/Scale-Sim-SPM/benchmarks/results/cfgs/googlenet__grid_a64_s16_user__optimized__rep3.cfg,/data/grizos/Scale-Sim-SPM/benchmarks/results/runs/optimized/googlenet__grid_a64_s16_user__optimized__rep3,/data/grizos/Scale-Sim-SPM/benchmarks/results/logs/optimized/googlenet__grid_a64_s16_user__optimized__rep3.log,1.24.4,wil,3.8.10,x86_64,2026-09-20T05:38:42.149330+00:00
googlenet__grid_a64_s256_calc__vanilla__rep1,main_grid,googlenet,grid_a64_s256_calc,vanilla,1,64,256,CALC,ws,0,10000000,20000000,40,113.185,0,ok,False,714911,1388287,58,/data/grizos/SCALE-Sim/topologies/conv_nets/Googlenet.csv,/data/grizos/Scale-Sim-SPM/benchmarks/results/cfgs/googlenet__grid_a64_s256_calc__vanilla__rep1.cfg,/data/grizos/Scale-Sim-SPM/benchmarks/results/runs/vanilla/googlenet__grid_a64_s256_calc__vanilla__rep1,/data/grizos/Scale-Sim-SPM/benchmarks/results/logs/vanilla/googlenet__grid_a64_s256_calc__vanilla__rep1.log,1.24.4,wil,3.8.10,x86_64,2026-09-20T05:40:36.017041+00:00
googlenet__grid_a64_s256_calc__optimized__rep1,main_grid,googlenet,grid_a64_s256_calc,optimized,1,64,256,CALC,ws,0,10000000,20000000,40,75.179,0,ok,False,714911,1388287,58,/data/grizos/Scale-Sim-SPM/topologies/conv_nets/Googlenet.csv,/data/grizos/Scale-Sim-SPM/benchmarks/results/cfgs/googlenet__grid_a64_s256_calc__optimized__rep1.cfg,/data/grizos/Scale-Sim-SPM/benchmarks/results/runs/optimized/googlenet__grid_a64_s256_calc__optimized__rep1,/data/grizos/Scale-Sim-SPM/benchmarks/results/logs/optimized/googlenet__grid_a64_s256_calc__optimized__rep1.log,1.24.4,wil,3.8.10,x86_64,2026-09-20T05:41:51.314305+00:00
googlenet__grid_a64_s256_calc__vanilla__rep2,main_grid,googlenet,grid_a64_s256_calc,vanilla,2,64,256,CALC,ws,0,10000000,20000000,40,113.439,0,ok,False,714911,1388287,58,/data/grizos/SCALE-Sim/topologies/conv_nets/Googlenet.csv,/data/grizos/Scale-Sim-SPM/benchmarks/results/cfgs/googlenet__grid_a64_s256_calc__vanilla__rep2.cfg,/data/grizos/Scale-Sim-SPM/benchmarks/results/runs/vanilla/googlenet__grid_a64_s256_calc__vanilla__rep2,/data/grizos/Scale-Sim-SPM/benchmarks/results/logs/vanilla/googlenet__grid_a64_s256_calc__vanilla__rep2.log,1.24.4,wil,3.8.10,x86_64,2026-09-20T05:43:44.893455+00:00
googlenet__grid_a64_s256_calc__optimized__rep2,main_grid,googlenet,grid_a64_s256_calc,optimized,2,64,256,CALC,ws,0,10000000,20000000,40,77.523,0,ok,False,714911,1388287,58,/data/grizos/Scale-Sim-SPM/topologies/conv_nets/Googlenet.csv,/data/grizos/Scale-Sim-SPM/benchmarks/results/cfgs/googlenet__grid_a64_s256_calc__optimized__rep2.cfg,/data/grizos/Scale-Sim-SPM/benchmarks/results/runs/optimized/googlenet__grid_a64_s256_calc__optimized__rep2,/data/grizos/Scale-Sim-SPM/benchmarks/results/logs/optimized/googlenet__grid_a64_s256_calc__optimized__rep2.log,1.24.4,wil,3.8.10,x86_64,2026-09-20T05:45:02.556355+00:00
googlenet__grid_a64_s256_calc__vanilla__rep3,main_grid,googlenet,grid_a64_s256_calc,vanilla,3,64,256,CALC,ws,0,10000000,20000000,40,116.771,0,ok,False,714911,1388287,58,/data/grizos/SCALE-Sim/topologies/conv_nets/Googlenet.csv,/data/grizos/Scale-Sim-SPM/benchmarks/results/cfgs/googlenet__grid_a64_s256_calc__vanilla__rep3.cfg,/data/grizos/Scale-Sim-SPM/benchmarks/results/runs/vanilla/googlenet__grid_a64_s256_calc__vanilla__rep3,/data/grizos/Scale-Sim-SPM/benchmarks/results/logs/vanilla/googlenet__grid_a64_s256_calc__vanilla__rep3.log,1.24.4,wil,3.8.10,x86_64,2026-09-20T05:46:59.471623+00:00
googlenet__grid_a64_s256_calc__optimized__rep3,main_grid,googlenet,grid_a64_s256_calc,optimized,3,64,256,CALC,ws,0,10000000,20000000,40,74.977,0,ok,False,714911,1388287,58,/data/grizos/Scale-Sim-SPM/topologies/conv_nets/Googlenet.csv,/data/grizos/Scale-Sim-SPM/benchmarks/results/cfgs/googlenet__grid_a64_s256_calc__optimized__rep3.cfg,/data/grizos/Scale-Sim-SPM/benchmarks/results/runs/optimized/googlenet__grid_a64_s256_calc__optimized__rep3,/data/grizos/Scale-Sim-SPM/benchmarks/results/logs/optimized/googlenet__grid_a64_s256_calc__optimized__rep3.log,1.24.4,wil,3.8.10,x86_64,2026-09-20T05:48:14.589569+00:00
googlenet__grid_a64_s256_user__vanilla__rep1,main_grid,googlenet,grid_a64_s256_user,vanilla,1,64,256,USER,ws,0,10000000,20000000,40,211.178,0,ok,False,7896220,9133515,58,/data/grizos/SCALE-Sim/topologies/conv_nets/Googlenet.csv,/data/grizos/Scale-Sim-SPM/benchmarks/results/cfgs/googlenet__grid_a64_s256_user__vanilla__rep1.cfg,/data/grizos/Scale-Sim-SPM/benchmarks/results/runs/vanilla/googlenet__grid_a64_s256_user__vanilla__rep1,/data/grizos/Scale-Sim-SPM/benchmarks/results/logs/vanilla/googlenet__grid_a64_s256_user__vanilla__rep1.log,1.24.4,wil,3.8.10,x86_64,2026-09-20T05:51:45.908305+00:00
googlenet__grid_a64_s256_user__optimized__rep1,main_grid,googlenet,grid_a64_s256_user,optimized,1,64,256,USER,ws,0,10000000,20000000,40,130.074,0,ok,False,7896220,9133515,58,/data/grizos/Scale-Sim-SPM/topologies/conv_nets/Googlenet.csv,/data/grizos/Scale-Sim-SPM/benchmarks/results/cfgs/googlenet__grid_a64_s256_user__optimized__rep1.cfg,/data/grizos/Scale-Sim-SPM/benchmarks/results/runs/optimized/googlenet__grid_a64_s256_user__optimized__rep1,/data/grizos/Scale-Sim-SPM/benchmarks/results/logs/optimized/googlenet__grid_a64_s256_user__optimized__rep1.log,1.24.4,wil,3.8.10,x86_64,2026-09-20T05:53:56.201991+00:00
googlenet__grid_a64_s256_user__vanilla__rep2,main_grid,googlenet,grid_a64_s256_user,vanilla,2,64,256,USER,ws,0,10000000,20000000,40,200.798,0,ok,False,7896220,9133515,58,/data/grizos/SCALE-Sim/topologies/conv_nets/Googlenet.csv,/data/grizos/Scale-Sim-SPM/benchmarks/results/cfgs/googlenet__grid_a64_s256_user__vanilla__rep2.cfg,/data/grizos/Scale-Sim-SPM/benchmarks/results/runs/vanilla/googlenet__grid_a64_s256_user__vanilla__rep2,/data/grizos/Scale-Sim-SPM/benchmarks/results/logs/vanilla/googlenet__grid_a64_s256_user__vanilla__rep2.log,1.24.4,wil,3.8.10,x86_64,2026-09-20T05:57:17.173124+00:00
googlenet__grid_a64_s256_user__optimized__rep2,main_grid,googlenet,grid_a64_s256_user,optimized,2,64,256,USER,ws,0,10000000,20000000,40,129.252,0,ok,False,7896220,9133515,58,/data/grizos/Scale-Sim-SPM/topologies/conv_nets/Googlenet.csv,/data/grizos/Scale-Sim-SPM/benchmarks/results/cfgs/googlenet__grid_a64_s256_user__optimized__rep2.cfg,/data/grizos/Scale-Sim-SPM/benchmarks/results/runs/optimized/googlenet__grid_a64_s256_user__optimized__rep2,/data/grizos/Scale-Sim-SPM/benchmarks/results/logs/optimized/googlenet__grid_a64_s256_user__optimized__rep2.log,1.24.4,wil,3.8.10,x86_64,2026-09-20T05:59:26.644233+00:00
googlenet__grid_a64_s256_user__vanilla__rep3,main_grid,googlenet,grid_a64_s256_user,vanilla,3,64,256,USER,ws,0,10000000,20000000,40,202.878,0,ok,False,7896220,9133515,58,/data/grizos/SCALE-Sim/topologies/conv_nets/Googlenet.csv,/data/grizos/Scale-Sim-SPM/benchmarks/results/cfgs/googlenet__grid_a64_s256_user__vanilla__rep3.cfg,/data/grizos/Scale-Sim-SPM/benchmarks/results/runs/vanilla/googlenet__grid_a64_s256_user__vanilla__rep3,/data/grizos/Scale-Sim-SPM/benchmarks/results/logs/vanilla/googlenet__grid_a64_s256_user__vanilla__rep3.log,1.24.4,wil,3.8.10,x86_64,2026-09-20T06:02:49.705569+00:00
googlenet__grid_a64_s256_user__optimized__rep3,main_grid,googlenet,grid_a64_s256_user,optimized,3,64,256,USER,ws,0,10000000,20000000,40,129.086,0,ok,False,7896220,9133515,58,/data/grizos/Scale-Sim-SPM/topologies/conv_nets/Googlenet.csv,/data/grizos/Scale-Sim-SPM/benchmarks/results/cfgs/googlenet__grid_a64_s256_user__optimized__rep3.cfg,/data/grizos/Scale-Sim-SPM/benchmarks/results/runs/optimized/googlenet__grid_a64_s256_user__optimized__rep3,/data/grizos/Scale-Sim-SPM/benchmarks/results/logs/optimized/googlenet__grid_a64_s256_user__optimized__rep3.log,1.24.4,wil,3.8.10,x86_64,2026-09-20T06:04:59.010053+00:00
googlenet__ctrl_offset_shift__vanilla__rep1,main_grid,googlenet,ctrl_offset_shift,vanilla,1,32,64,CALC,ws,5000000,15000000,25000000,40,249.316,0,ok,False,1987921,2214019,58,/data/grizos/SCALE-Sim/topologies/conv_nets/Googlenet.csv,/data/grizos/Scale-Sim-SPM/benchmarks/results/cfgs/googlenet__ctrl_offset_shift__vanilla__rep1.cfg,/data/grizos/Scale-Sim-SPM/benchmarks/results/runs/vanilla/googlenet__ctrl_offset_shift__vanilla__rep1,/data/grizos/Scale-Sim-SPM/benchmarks/results/logs/vanilla/googlenet__ctrl_offset_shift__vanilla__rep1.log,1.24.4,wil,3.8.10,x86_64,2026-09-20T06:09:08.546870+00:00
googlenet__ctrl_offset_shift__optimized__rep1,main_grid,googlenet,ctrl_offset_shift,optimized,1,32,64,CALC,ws,5000000,15000000,25000000,40,147.938,0,ok,False,1987921,2214019,58,/data/grizos/Scale-Sim-SPM/topologies/conv_nets/Googlenet.csv,/data/grizos/Scale-Sim-SPM/benchmarks/results/cfgs/googlenet__ctrl_offset_shift__optimized__rep1.cfg,/data/grizos/Scale-Sim-SPM/benchmarks/results/runs/optimized/googlenet__ctrl_offset_shift__optimized__rep1,/data/grizos/Scale-Sim-SPM/benchmarks/results/logs/optimized/googlenet__ctrl_offset_shift__optimized__rep1.log,1.24.4,wil,3.8.10,x86_64,2026-09-20T06:11:36.723144+00:00
googlenet__ctrl_offset_shift__vanilla__rep2,main_grid,googlenet,ctrl_offset_shift,vanilla,2,32,64,CALC,ws,5000000,15000000,25000000,40,245.141,0,ok,False,1987921,2214019,58,/data/grizos/SCALE-Sim/topologies/conv_nets/Googlenet.csv,/data/grizos/Scale-Sim-SPM/benchmarks/results/cfgs/googlenet__ctrl_offset_shift__vanilla__rep2.cfg,/data/grizos/Scale-Sim-SPM/benchmarks/results/runs/vanilla/googlenet__ctrl_offset_shift__vanilla__rep2,/data/grizos/Scale-Sim-SPM/benchmarks/results/logs/vanilla/googlenet__ctrl_offset_shift__vanilla__rep2.log,1.24.4,wil,3.8.10,x86_64,2026-09-20T06:15:42.103825+00:00
googlenet__ctrl_offset_shift__optimized__rep2,main_grid,googlenet,ctrl_offset_shift,optimized,2,32,64,CALC,ws,5000000,15000000,25000000,40,149.033,0,ok,False,1987921,2214019,58,/data/grizos/Scale-Sim-SPM/topologies/conv_nets/Googlenet.csv,/data/grizos/Scale-Sim-SPM/benchmarks/results/cfgs/googlenet__ctrl_offset_shift__optimized__rep2.cfg,/data/grizos/Scale-Sim-SPM/benchmarks/results/runs/optimized/googlenet__ctrl_offset_shift__optimized__rep2,/data/grizos/Scale-Sim-SPM/benchmarks/results/logs/optimized/googlenet__ctrl_offset_shift__optimized__rep2.log,1.24.4,wil,3.8.10,x86_64,2026-09-20T06:18:11.374645+00:00
googlenet__ctrl_offset_shift__vanilla__rep3,main_grid,googlenet,ctrl_offset_shift,vanilla,3,32,64,CALC,ws,5000000,15000000,25000000,40,244.288,0,ok,False,1987921,2214019,58,/data/grizos/SCALE-Sim/topologies/conv_nets/Googlenet.csv,/data/grizos/Scale-Sim-SPM/benchmarks/results/cfgs/googlenet__ctrl_offset_shift__vanilla__rep3.cfg,/data/grizos/Scale-Sim-SPM/benchmarks/results/runs/vanilla/googlenet__ctrl_offset_shift__vanilla__rep3,/data/grizos/Scale-Sim-SPM/benchmarks/results/logs/vanilla/googlenet__ctrl_offset_shift__vanilla__rep3.log,1.24.4,wil,3.8.10,x86_64,2026-09-20T06:22:15.904923+00:00
googlenet__ctrl_offset_shift__optimized__rep3,main_grid,googlenet,ctrl_offset_shift,optimized,3,32,64,CALC,ws,5000000,15000000,25000000,40,149.717,0,ok,False,1987921,2214019,58,/data/grizos/Scale-Sim-SPM/topologies/conv_nets/Googlenet.csv,/data/grizos/Scale-Sim-SPM/benchmarks/results/cfgs/googlenet__ctrl_offset_shift__optimized__rep3.cfg,/data/grizos/Scale-Sim-SPM/benchmarks/results/runs/optimized/googlenet__ctrl_offset_shift__optimized__rep3,/data/grizos/Scale-Sim-SPM/benchmarks/results/logs/optimized/googlenet__ctrl_offset_shift__optimized__rep3.log,1.24.4,wil,3.8.10,x86_64,2026-09-20T06:24:45.860336+00:00
googlenet__ctrl_seed_alt__vanilla__rep1,main_grid,googlenet,ctrl_seed_alt,vanilla,1,32,64,CALC,ws,0,10000000,20000000,777,242.299,0,ok,False,1987921,2214019,58,/data/grizos/SCALE-Sim/topologies/conv_nets/Googlenet.csv,/data/grizos/Scale-Sim-SPM/benchmarks/results/cfgs/googlenet__ctrl_seed_alt__vanilla__rep1.cfg,/data/grizos/Scale-Sim-SPM/benchmarks/results/runs/vanilla/googlenet__ctrl_seed_alt__vanilla__rep1,/data/grizos/Scale-Sim-SPM/benchmarks/results/logs/vanilla/googlenet__ctrl_seed_alt__vanilla__rep1.log,1.24.4,wil,3.8.10,x86_64,2026-09-20T06:28:48.401141+00:00
googlenet__ctrl_seed_alt__optimized__rep1,main_grid,googlenet,ctrl_seed_alt,optimized,1,32,64,CALC,ws,0,10000000,20000000,777,146.508,0,ok,False,1987921,2214019,58,/data/grizos/Scale-Sim-SPM/topologies/conv_nets/Googlenet.csv,/data/grizos/Scale-Sim-SPM/benchmarks/results/cfgs/googlenet__ctrl_seed_alt__optimized__rep1.cfg,/data/grizos/Scale-Sim-SPM/benchmarks/results/runs/optimized/googlenet__ctrl_seed_alt__optimized__rep1,/data/grizos/Scale-Sim-SPM/benchmarks/results/logs/optimized/googlenet__ctrl_seed_alt__optimized__rep1.log,1.24.4,wil,3.8.10,x86_64,2026-09-20T06:31:15.067453+00:00
googlenet__ctrl_seed_alt__vanilla__rep2,main_grid,googlenet,ctrl_seed_alt,vanilla,2,32,64,CALC,ws,0,10000000,20000000,777,241.298,0,ok,False,1987921,2214019,58,/data/grizos/SCALE-Sim/topologies/conv_nets/Googlenet.csv,/data/grizos/Scale-Sim-SPM/benchmarks/results/cfgs/googlenet__ctrl_seed_alt__vanilla__rep2.cfg,/data/grizos/Scale-Sim-SPM/benchmarks/results/runs/vanilla/googlenet__ctrl_seed_alt__vanilla__rep2,/data/grizos/Scale-Sim-SPM/benchmarks/results/logs/vanilla/googlenet__ctrl_seed_alt__vanilla__rep2.log,1.24.4,wil,3.8.10,x86_64,2026-09-20T06:35:16.589779+00:00
googlenet__ctrl_seed_alt__optimized__rep2,main_grid,googlenet,ctrl_seed_alt,optimized,2,32,64,CALC,ws,0,10000000,20000000,777,147.937,0,ok,False,1987921,2214019,58,/data/grizos/Scale-Sim-SPM/topologies/conv_nets/Googlenet.csv,/data/grizos/Scale-Sim-SPM/benchmarks/results/cfgs/googlenet__ctrl_seed_alt__optimized__rep2.cfg,/data/grizos/Scale-Sim-SPM/benchmarks/results/runs/optimized/googlenet__ctrl_seed_alt__optimized__rep2,/data/grizos/Scale-Sim-SPM/benchmarks/results/logs/optimized/googlenet__ctrl_seed_alt__optimized__rep2.log,1.24.4,wil,3.8.10,x86_64,2026-09-20T06:37:44.690038+00:00
googlenet__ctrl_seed_alt__vanilla__rep3,main_grid,googlenet,ctrl_seed_alt,vanilla,3,32,64,CALC,ws,0,10000000,20000000,777,247.391,0,ok,False,1987921,2214019,58,/data/grizos/SCALE-Sim/topologies/conv_nets/Googlenet.csv,/data/grizos/Scale-Sim-SPM/benchmarks/results/cfgs/googlenet__ctrl_seed_alt__vanilla__rep3.cfg,/data/grizos/Scale-Sim-SPM/benchmarks/results/runs/vanilla/googlenet__ctrl_seed_alt__vanilla__rep3,/data/grizos/Scale-Sim-SPM/benchmarks/results/logs/vanilla/googlenet__ctrl_seed_alt__vanilla__rep3.log,1.24.4,wil,3.8.10,x86_64,2026-09-20T06:41:52.303312+00:00
googlenet__ctrl_seed_alt__optimized__rep3,main_grid,googlenet,ctrl_seed_alt,optimized,3,32,64,CALC,ws,0,10000000,20000000,777,150.131,0,ok,False,1987921,2214019,58,/data/grizos/Scale-Sim-SPM/topologies/conv_nets/Googlenet.csv,/data/grizos/Scale-Sim-SPM/benchmarks/results/cfgs/googlenet__ctrl_seed_alt__optimized__rep3.cfg,/data/grizos/Scale-Sim-SPM/benchmarks/results/runs/optimized/googlenet__ctrl_seed_alt__optimized__rep3,/data/grizos/Scale-Sim-SPM/benchmarks/results/logs/optimized/googlenet__ctrl_seed_alt__optimized__rep3.log,1.24.4,wil,3.8.10,x86_64,2026-09-20T06:44:22.659221+00:00
vit_b__anchor__vanilla__rep1,main_grid,vit_b,anchor,vanilla,1,32,64,CALC,ws,0,10000000,20000000,40,199.998,0,ok,False,1420995,1441745,5,/data/grizos/SCALE-Sim/topologies/ispass25_models/vit_b.csv,/data/grizos/Scale-Sim-SPM/benchmarks/results/cfgs/vit_b__anchor__vanilla__rep1.cfg,/data/grizos/Scale-Sim-SPM/benchmarks/results/runs/vanilla/vit_b__anchor__vanilla__rep1,/data/grizos/Scale-Sim-SPM/benchmarks/results/logs/vanilla/vit_b__anchor__vanilla__rep1.log,1.24.4,wil,3.8.10,x86_64,2026-09-20T06:47:42.881049+00:00
vit_b__anchor__optimized__rep1,main_grid,vit_b,anchor,optimized,1,32,64,CALC,ws,0,10000000,20000000,40,111.755,0,ok,False,1420995,1441745,5,/data/grizos/Scale-Sim-SPM/topologies/ispass25_models/vit_b.csv,/data/grizos/Scale-Sim-SPM/benchmarks/results/cfgs/vit_b__anchor__optimized__rep1.cfg,/data/grizos/Scale-Sim-SPM/benchmarks/results/runs/optimized/vit_b__anchor__optimized__rep1,/data/grizos/Scale-Sim-SPM/benchmarks/results/logs/optimized/vit_b__anchor__optimized__rep1.log,1.24.4,wil,3.8.10,x86_64,2026-09-20T06:49:34.807657+00:00
vit_b__anchor__vanilla__rep2,main_grid,vit_b,anchor,vanilla,2,32,64,CALC,ws,0,10000000,20000000,40,200.854,0,ok,False,1420995,1441745,5,/data/grizos/SCALE-Sim/topologies/ispass25_models/vit_b.csv,/data/grizos/Scale-Sim-SPM/benchmarks/results/cfgs/vit_b__anchor__vanilla__rep2.cfg,/data/grizos/Scale-Sim-SPM/benchmarks/results/runs/vanilla/vit_b__anchor__vanilla__rep2,/data/grizos/Scale-Sim-SPM/benchmarks/results/logs/vanilla/vit_b__anchor__vanilla__rep2.log,1.24.4,wil,3.8.10,x86_64,2026-09-20T06:52:55.833954+00:00
vit_b__anchor__optimized__rep2,main_grid,vit_b,anchor,optimized,2,32,64,CALC,ws,0,10000000,20000000,40,112.259,0,ok,False,1420995,1441745,5,/data/grizos/Scale-Sim-SPM/topologies/ispass25_models/vit_b.csv,/data/grizos/Scale-Sim-SPM/benchmarks/results/cfgs/vit_b__anchor__optimized__rep2.cfg,/data/grizos/Scale-Sim-SPM/benchmarks/results/runs/optimized/vit_b__anchor__optimized__rep2,/data/grizos/Scale-Sim-SPM/benchmarks/results/logs/optimized/vit_b__anchor__optimized__rep2.log,1.24.4,wil,3.8.10,x86_64,2026-09-20T06:54:48.264477+00:00
vit_b__anchor__vanilla__rep3,main_grid,vit_b,anchor,vanilla,3,32,64,CALC,ws,0,10000000,20000000,40,203.159,0,ok,False,1420995,1441745,5,/data/grizos/SCALE-Sim/topologies/ispass25_models/vit_b.csv,/data/grizos/Scale-Sim-SPM/benchmarks/results/cfgs/vit_b__anchor__vanilla__rep3.cfg,/data/grizos/Scale-Sim-SPM/benchmarks/results/runs/vanilla/vit_b__anchor__vanilla__rep3,/data/grizos/Scale-Sim-SPM/benchmarks/results/logs/vanilla/vit_b__anchor__vanilla__rep3.log,1.24.4,wil,3.8.10,x86_64,2026-09-20T06:58:11.594689+00:00
vit_b__anchor__optimized__rep3,main_grid,vit_b,anchor,optimized,3,32,64,CALC,ws,0,10000000,20000000,40,110.758,0,ok,False,1420995,1441745,5,/data/grizos/Scale-Sim-SPM/topologies/ispass25_models/vit_b.csv,/data/grizos/Scale-Sim-SPM/benchmarks/results/cfgs/vit_b__anchor__optimized__rep3.cfg,/data/grizos/Scale-Sim-SPM/benchmarks/results/runs/optimized/vit_b__anchor__optimized__rep3,/data/grizos/Scale-Sim-SPM/benchmarks/results/logs/optimized/vit_b__anchor__optimized__rep3.log,1.24.4,wil,3.8.10,x86_64,2026-09-20T07:00:02.527116+00:00
vit_b__grid_a16_s16_calc__vanilla__rep1,main_grid,vit_b,grid_a16_s16_calc,vanilla,1,16,16,CALC,ws,0,10000000,20000000,40,868.297,0,ok,False,4743195,4749174,5,/data/grizos/SCALE-Sim/topologies/ispass25_models/vit_b.csv,/data/grizos/Scale-Sim-SPM/benchmarks/results/cfgs/vit_b__grid_a16_s16_calc__vanilla__rep1.cfg,/data/grizos/Scale-Sim-SPM/benchmarks/results/runs/vanilla/vit_b__grid_a16_s16_calc__vanilla__rep1,/data/grizos/Scale-Sim-SPM/benchmarks/results/logs/vanilla/vit_b__grid_a16_s16_calc__vanilla__rep1.log,1.24.4,wil,3.8.10,x86_64,2026-09-20T07:14:30.996863+00:00
vit_b__grid_a16_s16_calc__optimized__rep1,main_grid,vit_b,grid_a16_s16_calc,optimized,1,16,16,CALC,ws,0,10000000,20000000,40,271.349,0,ok,False,4743195,4749174,5,/data/grizos/Scale-Sim-SPM/topologies/ispass25_models/vit_b.csv,/data/grizos/Scale-Sim-SPM/benchmarks/results/cfgs/vit_b__grid_a16_s16_calc__optimized__rep1.cfg,/data/grizos/Scale-Sim-SPM/benchmarks/results/runs/optimized/vit_b__grid_a16_s16_calc__optimized__rep1,/data/grizos/Scale-Sim-SPM/benchmarks/results/logs/optimized/vit_b__grid_a16_s16_calc__optimized__rep1.log,1.24.4,wil,3.8.10,x86_64,2026-09-20T07:19:02.688006+00:00
vit_b__grid_a16_s16_calc__vanilla__rep2,main_grid,vit_b,grid_a16_s16_calc,vanilla,2,16,16,CALC,ws,0,10000000,20000000,40,852.102,0,ok,False,4743195,4749174,5,/data/grizos/SCALE-Sim/topologies/ispass25_models/vit_b.csv,/data/grizos/Scale-Sim-SPM/benchmarks/results/cfgs/vit_b__grid_a16_s16_calc__vanilla__rep2.cfg,/data/grizos/Scale-Sim-SPM/benchmarks/results/runs/vanilla/vit_b__grid_a16_s16_calc__vanilla__rep2,/data/grizos/Scale-Sim-SPM/benchmarks/results/logs/vanilla/vit_b__grid_a16_s16_calc__vanilla__rep2.log,1.24.4,wil,3.8.10,x86_64,2026-09-20T07:33:15.131999+00:00
vit_b__grid_a16_s16_calc__optimized__rep2,main_grid,vit_b,grid_a16_s16_calc,optimized,2,16,16,CALC,ws,0,10000000,20000000,40,274.928,0,ok,False,4743195,4749174,5,/data/grizos/Scale-Sim-SPM/topologies/ispass25_models/vit_b.csv,/data/grizos/Scale-Sim-SPM/benchmarks/results/cfgs/vit_b__grid_a16_s16_calc__optimized__rep2.cfg,/data/grizos/Scale-Sim-SPM/benchmarks/results/runs/optimized/vit_b__grid_a16_s16_calc__optimized__rep2,/data/grizos/Scale-Sim-SPM/benchmarks/results/logs/optimized/vit_b__grid_a16_s16_calc__optimized__rep2.log,1.24.4,wil,3.8.10,x86_64,2026-09-20T07:37:50.389694+00:00
vit_b__grid_a16_s16_calc__vanilla__rep3,main_grid,vit_b,grid_a16_s16_calc,vanilla,3,16,16,CALC,ws,0,10000000,20000000,40,865.554,0,ok,False,4743195,4749174,5,/data/grizos/SCALE-Sim/topologies/ispass25_models/vit_b.csv,/data/grizos/Scale-Sim-SPM/benchmarks/results/cfgs/vit_b__grid_a16_s16_calc__vanilla__rep3.cfg,/data/grizos/Scale-Sim-SPM/benchmarks/results/runs/vanilla/vit_b__grid_a16_s16_calc__vanilla__rep3,/data/grizos/Scale-Sim-SPM/benchmarks/results/logs/vanilla/vit_b__grid_a16_s16_calc__vanilla__rep3.log,1.24.4,wil,3.8.10,x86_64,2026-09-20T07:52:16.177917+00:00
vit_b__grid_a16_s16_calc__optimized__rep3,main_grid,vit_b,grid_a16_s16_calc,optimized,3,16,16,CALC,ws,0,10000000,20000000,40,276.147,0,ok,False,4743195,4749174,5,/data/grizos/Scale-Sim-SPM/topologies/ispass25_models/vit_b.csv,/data/grizos/Scale-Sim-SPM/benchmarks/results/cfgs/vit_b__grid_a16_s16_calc__optimized__rep3.cfg,/data/grizos/Scale-Sim-SPM/benchmarks/results/runs/optimized/vit_b__grid_a16_s16_calc__optimized__rep3,/data/grizos/Scale-Sim-SPM/benchmarks/results/logs/optimized/vit_b__grid_a16_s16_calc__optimized__rep3.log,1.24.4,wil,3.8.10,x86_64,2026-09-20T07:56:52.598030+00:00
vit_b__grid_a16_s16_user__vanilla__rep1,main_grid,vit_b,grid_a16_s16_user,vanilla,1,16,16,USER,ws,0,10000000,20000000,40,5400.068,,timeout,True,,,,/data/grizos/SCALE-Sim/topologies/ispass25_models/vit_b.csv,/data/grizos/Scale-Sim-SPM/benchmarks/results/cfgs/vit_b__grid_a16_s16_user__vanilla__rep1.cfg,/data/grizos/Scale-Sim-SPM/benchmarks/results/runs/vanilla/vit_b__grid_a16_s16_user__vanilla__rep1,/data/grizos/Scale-Sim-SPM/benchmarks/results/logs/vanilla/vit_b__grid_a16_s16_user__vanilla__rep1.log,1.24.4,wil,3.8.10,x86_64,2026-09-20T09:26:52.995810+00:00
vit_b__grid_a16_s16_user__optimized__rep1,main_grid,vit_b,grid_a16_s16_user,optimized,1,16,16,USER,ws,0,10000000,20000000,40,714.324,0,ok,False,107406107,107415307,5,/data/grizos/Scale-Sim-SPM/topologies/ispass25_models/vit_b.csv,/data/grizos/Scale-Sim-SPM/benchmarks/results/cfgs/vit_b__grid_a16_s16_user__optimized__rep1.cfg,/data/grizos/Scale-Sim-SPM/benchmarks/results/runs/optimized/vit_b__grid_a16_s16_user__optimized__rep1,/data/grizos/Scale-Sim-SPM/benchmarks/results/logs/optimized/vit_b__grid_a16_s16_user__optimized__rep1.log,1.24.4,wil,3.8.10,x86_64,2026-09-20T09:38:47.368568+00:00
vit_b__grid_a16_s16_user__vanilla__rep2,main_grid,vit_b,grid_a16_s16_user,vanilla,2,16,16,USER,ws,0,10000000,20000000,40,5400.082,,timeout,True,,,,/data/grizos/SCALE-Sim/topologies/ispass25_models/vit_b.csv,/data/grizos/Scale-Sim-SPM/benchmarks/results/cfgs/vit_b__grid_a16_s16_user__vanilla__rep2.cfg,/data/grizos/Scale-Sim-SPM/benchmarks/results/runs/vanilla/vit_b__grid_a16_s16_user__vanilla__rep2,/data/grizos/Scale-Sim-SPM/benchmarks/results/logs/vanilla/vit_b__grid_a16_s16_user__vanilla__rep2.log,1.24.4,wil,3.8.10,x86_64,2026-09-20T11:08:49.345045+00:00
vit_b__grid_a16_s16_user__optimized__rep2,main_grid,vit_b,grid_a16_s16_user,optimized,2,16,16,USER,ws,0,10000000,20000000,40,703.772,0,ok,False,107406107,107415307,5,/data/grizos/Scale-Sim-SPM/topologies/ispass25_models/vit_b.csv,/data/grizos/Scale-Sim-SPM/benchmarks/results/cfgs/vit_b__grid_a16_s16_user__optimized__rep2.cfg,/data/grizos/Scale-Sim-SPM/benchmarks/results/runs/optimized/vit_b__grid_a16_s16_user__optimized__rep2,/data/grizos/Scale-Sim-SPM/benchmarks/results/logs/optimized/vit_b__grid_a16_s16_user__optimized__rep2.log,1.24.4,wil,3.8.10,x86_64,2026-09-20T11:20:33.164222+00:00
vit_b__grid_a16_s16_user__vanilla__rep3,main_grid,vit_b,grid_a16_s16_user,vanilla,3,16,16,USER,ws,0,10000000,20000000,40,5400.064,,timeout,True,,,,/data/grizos/SCALE-Sim/topologies/ispass25_models/vit_b.csv,/data/grizos/Scale-Sim-SPM/benchmarks/results/cfgs/vit_b__grid_a16_s16_user__vanilla__rep3.cfg,/data/grizos/Scale-Sim-SPM/benchmarks/results/runs/vanilla/vit_b__grid_a16_s16_user__vanilla__rep3,/data/grizos/Scale-Sim-SPM/benchmarks/results/logs/vanilla/vit_b__grid_a16_s16_user__vanilla__rep3.log,1.24.4,wil,3.8.10,x86_64,2026-09-20T12:50:35.154392+00:00
vit_b__grid_a16_s16_user__optimized__rep3,main_grid,vit_b,grid_a16_s16_user,optimized,3,16,16,USER,ws,0,10000000,20000000,40,716.506,0,ok,False,107406107,107415307,5,/data/grizos/Scale-Sim-SPM/topologies/ispass25_models/vit_b.csv,/data/grizos/Scale-Sim-SPM/benchmarks/results/cfgs/vit_b__grid_a16_s16_user__optimized__rep3.cfg,/data/grizos/Scale-Sim-SPM/benchmarks/results/runs/optimized/vit_b__grid_a16_s16_user__optimized__rep3,/data/grizos/Scale-Sim-SPM/benchmarks/results/logs/optimized/vit_b__grid_a16_s16_user__optimized__rep3.log,1.24.4,wil,3.8.10,x86_64,2026-09-20T13:02:31.706940+00:00
vit_b__grid_a16_s256_calc__vanilla__rep1,main_grid,vit_b,grid_a16_s256_calc,vanilla,1,16,256,CALC,ws,0,10000000,20000000,40,565.067,0,ok,False,4743195,4832694,5,/data/grizos/SCALE-Sim/topologies/ispass25_models/vit_b.csv,/data/grizos/Scale-Sim-SPM/benchmarks/results/cfgs/vit_b__grid_a16_s256_calc__vanilla__rep1.cfg,/data/grizos/Scale-Sim-SPM/benchmarks/results/runs/vanilla/vit_b__grid_a16_s256_calc__vanilla__rep1,/data/grizos/Scale-Sim-SPM/benchmarks/results/logs/vanilla/vit_b__grid_a16_s256_calc__vanilla__rep1.log,1.24.4,wil,3.8.10,x86_64,2026-09-20T13:11:58.558266+00:00
vit_b__grid_a16_s256_calc__optimized__rep1,main_grid,vit_b,grid_a16_s256_calc,optimized,1,16,256,CALC,ws,0,10000000,20000000,40,272.798,0,ok,False,4743195,4832694,5,/data/grizos/Scale-Sim-SPM/topologies/ispass25_models/vit_b.csv,/data/grizos/Scale-Sim-SPM/benchmarks/results/cfgs/vit_b__grid_a16_s256_calc__optimized__rep1.cfg,/data/grizos/Scale-Sim-SPM/benchmarks/results/runs/optimized/vit_b__grid_a16_s256_calc__optimized__rep1,/data/grizos/Scale-Sim-SPM/benchmarks/results/logs/optimized/vit_b__grid_a16_s256_calc__optimized__rep1.log,1.24.4,wil,3.8.10,x86_64,2026-09-20T13:16:31.601104+00:00
vit_b__grid_a16_s256_calc__vanilla__rep2,main_grid,vit_b,grid_a16_s256_calc,vanilla,2,16,256,CALC,ws,0,10000000,20000000,40,562.689,0,ok,False,4743195,4832694,5,/data/grizos/SCALE-Sim/topologies/ispass25_models/vit_b.csv,/data/grizos/Scale-Sim-SPM/benchmarks/results/cfgs/vit_b__grid_a16_s256_calc__vanilla__rep2.cfg,/data/grizos/Scale-Sim-SPM/benchmarks/results/runs/vanilla/vit_b__grid_a16_s256_calc__vanilla__rep2,/data/grizos/Scale-Sim-SPM/benchmarks/results/logs/vanilla/vit_b__grid_a16_s256_calc__vanilla__rep2.log,1.24.4,wil,3.8.10,x86_64,2026-09-20T13:25:54.531211+00:00
vit_b__grid_a16_s256_calc__optimized__rep2,main_grid,vit_b,grid_a16_s256_calc,optimized,2,16,256,CALC,ws,0,10000000,20000000,40,270.871,0,ok,False,4743195,4832694,5,/data/grizos/Scale-Sim-SPM/topologies/ispass25_models/vit_b.csv,/data/grizos/Scale-Sim-SPM/benchmarks/results/cfgs/vit_b__grid_a16_s256_calc__optimized__rep2.cfg,/data/grizos/Scale-Sim-SPM/benchmarks/results/runs/optimized/vit_b__grid_a16_s256_calc__optimized__rep2,/data/grizos/Scale-Sim-SPM/benchmarks/results/logs/optimized/vit_b__grid_a16_s256_calc__optimized__rep2.log,1.24.4,wil,3.8.10,x86_64,2026-09-20T13:30:25.730647+00:00
vit_b__grid_a16_s256_calc__vanilla__rep3,main_grid,vit_b,grid_a16_s256_calc,vanilla,3,16,256,CALC,ws,0,10000000,20000000,40,551.62,0,ok,False,4743195,4832694,5,/data/grizos/SCALE-Sim/topologies/ispass25_models/vit_b.csv,/data/grizos/Scale-Sim-SPM/benchmarks/results/cfgs/vit_b__grid_a16_s256_calc__vanilla__rep3.cfg,/data/grizos/Scale-Sim-SPM/benchmarks/results/runs/vanilla/vit_b__grid_a16_s256_calc__vanilla__rep3,/data/grizos/Scale-Sim-SPM/benchmarks/results/logs/vanilla/vit_b__grid_a16_s256_calc__vanilla__rep3.log,1.24.4,wil,3.8.10,x86_64,2026-09-20T13:39:37.610665+00:00
vit_b__grid_a16_s256_calc__optimized__rep3,main_grid,vit_b,grid_a16_s256_calc,optimized,3,16,256,CALC,ws,0,10000000,20000000,40,266.99,0,ok,False,4743195,4832694,5,/data/grizos/Scale-Sim-SPM/topologies/ispass25_models/vit_b.csv,/data/grizos/Scale-Sim-SPM/benchmarks/results/cfgs/vit_b__grid_a16_s256_calc__optimized__rep3.cfg,/data/grizos/Scale-Sim-SPM/benchmarks/results/runs/optimized/vit_b__grid_a16_s256_calc__optimized__rep3,/data/grizos/Scale-Sim-SPM/benchmarks/results/logs/optimized/vit_b__grid_a16_s256_calc__optimized__rep3.log,1.24.4,wil,3.8.10,x86_64,2026-09-20T13:44:04.943543+00:00
vit_b__grid_a16_s256_user__vanilla__rep1,main_grid,vit_b,grid_a16_s256_user,vanilla,1,16,256,USER,ws,0,10000000,20000000,40,1235.303,0,ok,False,26657331,26779473,5,/data/grizos/SCALE-Sim/topologies/ispass25_models/vit_b.csv,/data/grizos/Scale-Sim-SPM/benchmarks/results/cfgs/vit_b__grid_a16_s256_user__vanilla__rep1.cfg,/data/grizos/Scale-Sim-SPM/benchmarks/results/runs/vanilla/vit_b__grid_a16_s256_user__vanilla__rep1,/data/grizos/Scale-Sim-SPM/benchmarks/results/logs/vanilla/vit_b__grid_a16_s256_user__vanilla__rep1.log,1.24.4,wil,3.8.10,x86_64,2026-09-20T14:04:40.573283+00:00
vit_b__grid_a16_s256_user__optimized__rep1,main_grid,vit_b,grid_a16_s256_user,optimized,1,16,256,USER,ws,0,10000000,20000000,40,389.037,0,ok,False,26657331,26779473,5,/data/grizos/Scale-Sim-SPM/topologies/ispass25_models/vit_b.csv,/data/grizos/Scale-Sim-SPM/benchmarks/results/cfgs/vit_b__grid_a16_s256_user__optimized__rep1.cfg,/data/grizos/Scale-Sim-SPM/benchmarks/results/runs/optimized/vit_b__grid_a16_s256_user__optimized__rep1,/data/grizos/Scale-Sim-SPM/benchmarks/results/logs/optimized/vit_b__grid_a16_s256_user__optimized__rep1.log,1.24.4,wil,3.8.10,x86_64,2026-09-20T14:11:10.249398+00:00
vit_b__grid_a16_s256_user__vanilla__rep2,main_grid,vit_b,grid_a16_s256_user,vanilla,2,16,256,USER,ws,0,10000000,20000000,40,1212.64,0,ok,False,26657331,26779473,5,/data/grizos/SCALE-Sim/topologies/ispass25_models/vit_b.csv,/data/grizos/Scale-Sim-SPM/benchmarks/results/cfgs/vit_b__grid_a16_s256_user__vanilla__rep2.cfg,/data/grizos/Scale-Sim-SPM/benchmarks/results/runs/vanilla/vit_b__grid_a16_s256_user__vanilla__rep2,/data/grizos/Scale-Sim-SPM/benchmarks/results/logs/vanilla/vit_b__grid_a16_s256_user__vanilla__rep2.log,1.24.4,wil,3.8.10,x86_64,2026-09-20T14:31:23.575102+00:00
vit_b__grid_a16_s256_user__optimized__rep2,main_grid,vit_b,grid_a16_s256_user,optimized,2,16,256,USER,ws,0,10000000,20000000,40,384.935,0,ok,False,26657331,26779473,5,/data/grizos/Scale-Sim-SPM/topologies/ispass25_models/vit_b.csv,/data/grizos/Scale-Sim-SPM/benchmarks/results/cfgs/vit_b__grid_a16_s256_user__optimized__rep2.cfg,/data/grizos/Scale-Sim-SPM/benchmarks/results/runs/optimized/vit_b__grid_a16_s256_user__optimized__rep2,/data/grizos/Scale-Sim-SPM/benchmarks/results/logs/optimized/vit_b__grid_a16_s256_user__optimized__rep2.log,1.24.4,wil,3.8.10,x86_64,2026-09-20T14:37:49.170052+00:00
vit_b__grid_a16_s256_user__vanilla__rep3,main_grid,vit_b,grid_a16_s256_user,vanilla,3,16,256,USER,ws,0,10000000,20000000,40,1223.706,0,ok,False,26657331,26779473,5,/data/grizos/SCALE-Sim/topologies/ispass25_models/vit_b.csv,/data/grizos/Scale-Sim-SPM/benchmarks/results/cfgs/vit_b__grid_a16_s256_user__vanilla__rep3.cfg,/data/grizos/Scale-Sim-SPM/benchmarks/results/runs/vanilla/vit_b__grid_a16_s256_user__vanilla__rep3,/data/grizos/Scale-Sim-SPM/benchmarks/results/logs/vanilla/vit_b__grid_a16_s256_user__vanilla__rep3.log,1.24.4,wil,3.8.10,x86_64,2026-09-20T14:58:13.522209+00:00
vit_b__grid_a16_s256_user__optimized__rep3,main_grid,vit_b,grid_a16_s256_user,optimized,3,16,256,USER,ws,0,10000000,20000000,40,385.097,0,ok,False,26657331,26779473,5,/data/grizos/Scale-Sim-SPM/topologies/ispass25_models/vit_b.csv,/data/grizos/Scale-Sim-SPM/benchmarks/results/cfgs/vit_b__grid_a16_s256_user__optimized__rep3.cfg,/data/grizos/Scale-Sim-SPM/benchmarks/results/runs/optimized/vit_b__grid_a16_s256_user__optimized__rep3,/data/grizos/Scale-Sim-SPM/benchmarks/results/logs/optimized/vit_b__grid_a16_s256_user__optimized__rep3.log,1.24.4,wil,3.8.10,x86_64,2026-09-20T15:04:39.310163+00:00
vit_b__grid_a64_s16_calc__vanilla__rep1,main_grid,vit_b,grid_a64_s16_calc,vanilla,1,64,16,CALC,ws,0,10000000,20000000,40,123.933,0,ok,False,473231,477763,5,/data/grizos/SCALE-Sim/topologies/ispass25_models/vit_b.csv,/data/grizos/Scale-Sim-SPM/benchmarks/results/cfgs/vit_b__grid_a64_s16_calc__vanilla__rep1.cfg,/data/grizos/Scale-Sim-SPM/benchmarks/results/runs/vanilla/vit_b__grid_a64_s16_calc__vanilla__rep1,/data/grizos/Scale-Sim-SPM/benchmarks/results/logs/vanilla/vit_b__grid_a64_s16_calc__vanilla__rep1.log,1.24.4,wil,3.8.10,x86_64,2026-09-20T15:06:43.880226+00:00
vit_b__grid_a64_s16_calc__optimized__rep1,main_grid,vit_b,grid_a64_s16_calc,optimized,1,64,16,CALC,ws,0,10000000,20000000,40,57.99,0,ok,False,473231,477763,5,/data/grizos/Scale-Sim-SPM/topologies/ispass25_models/vit_b.csv,/data/grizos/Scale-Sim-SPM/benchmarks/results/cfgs/vit_b__grid_a64_s16_calc__optimized__rep1.cfg,/data/grizos/Scale-Sim-SPM/benchmarks/results/runs/optimized/vit_b__grid_a64_s16_calc__optimized__rep1,/data/grizos/Scale-Sim-SPM/benchmarks/results/logs/optimized/vit_b__grid_a64_s16_calc__optimized__rep1.log,1.24.4,wil,3.8.10,x86_64,2026-09-20T15:07:41.981336+00:00
vit_b__grid_a64_s16_calc__vanilla__rep2,main_grid,vit_b,grid_a64_s16_calc,vanilla,2,64,16,CALC,ws,0,10000000,20000000,40,122.136,0,ok,False,473231,477763,5,/data/grizos/SCALE-Sim/topologies/ispass25_models/vit_b.csv,/data/grizos/Scale-Sim-SPM/benchmarks/results/cfgs/vit_b__grid_a64_s16_calc__vanilla__rep2.cfg,/data/grizos/Scale-Sim-SPM/benchmarks/results/runs/vanilla/vit_b__grid_a64_s16_calc__vanilla__rep2,/data/grizos/Scale-Sim-SPM/benchmarks/results/logs/vanilla/vit_b__grid_a64_s16_calc__vanilla__rep2.log,1.24.4,wil,3.8.10,x86_64,2026-09-20T15:09:44.229058+00:00
vit_b__grid_a64_s16_calc__optimized__rep2,main_grid,vit_b,grid_a64_s16_calc,optimized,2,64,16,CALC,ws,0,10000000,20000000,40,57.524,0,ok,False,473231,477763,5,/data/grizos/Scale-Sim-SPM/topologies/ispass25_models/vit_b.csv,/data/grizos/Scale-Sim-SPM/benchmarks/results/cfgs/vit_b__grid_a64_s16_calc__optimized__rep2.cfg,/data/grizos/Scale-Sim-SPM/benchmarks/results/runs/optimized/vit_b__grid_a64_s16_calc__optimized__rep2,/data/grizos/Scale-Sim-SPM/benchmarks/results/logs/optimized/vit_b__grid_a64_s16_calc__optimized__rep2.log,1.24.4,wil,3.8.10,x86_64,2026-09-20T15:10:41.862977+00:00
vit_b__grid_a64_s16_calc__vanilla__rep3,main_grid,vit_b,grid_a64_s16_calc,vanilla,3,64,16,CALC,ws,0,10000000,20000000,40,127.133,0,ok,False,473231,477763,5,/data/grizos/SCALE-Sim/topologies/ispass25_models/vit_b.csv,/data/grizos/Scale-Sim-SPM/benchmarks/results/cfgs/vit_b__grid_a64_s16_calc__vanilla__rep3.cfg,/data/grizos/Scale-Sim-SPM/benchmarks/results/runs/vanilla/vit_b__grid_a64_s16_calc__vanilla__rep3,/data/grizos/Scale-Sim-SPM/benchmarks/results/logs/vanilla/vit_b__grid_a64_s16_calc__vanilla__rep3.log,1.24.4,wil,3.8.10,x86_64,2026-09-20T15:12:49.108124+00:00
vit_b__grid_a64_s16_calc__optimized__rep3,main_grid,vit_b,grid_a64_s16_calc,optimized,3,64,16,CALC,ws,0,10000000,20000000,40,57.439,0,ok,False,473231,477763,5,/data/grizos/Scale-Sim-SPM/topologies/ispass25_models/vit_b.csv,/data/grizos/Scale-Sim-SPM/benchmarks/results/cfgs/vit_b__grid_a64_s16_calc__optimized__rep3.cfg,/data/grizos/Scale-Sim-SPM/benchmarks/results/runs/optimized/vit_b__grid_a64_s16_calc__optimized__rep3,/data/grizos/Scale-Sim-SPM/benchmarks/results/logs/optimized/vit_b__grid_a64_s16_calc__optimized__rep3.log,1.24.4,wil,3.8.10,x86_64,2026-09-20T15:13:46.658200+00:00
vit_b__grid_a64_s16_user__vanilla__rep1,main_grid,vit_b,grid_a64_s16_user,vanilla,1,64,16,USER,ws,0,10000000,20000000,40,5400.038,,timeout,True,,,,/data/grizos/SCALE-Sim/topologies/ispass25_models/vit_b.csv,/data/grizos/Scale-Sim-SPM/benchmarks/results/cfgs/vit_b__grid_a64_s16_user__vanilla__rep1.cfg,/data/grizos/Scale-Sim-SPM/benchmarks/results/runs/vanilla/vit_b__grid_a64_s16_user__vanilla__rep1,/data/grizos/Scale-Sim-SPM/benchmarks/results/logs/vanilla/vit_b__grid_a64_s16_user__vanilla__rep1.log,1.24.4,wil,3.8.10,x86_64,2026-09-20T16:43:46.808348+00:00
vit_b__grid_a64_s16_user__optimized__rep1,main_grid,vit_b,grid_a64_s16_user,optimized,1,64,16,USER,ws,0,10000000,20000000,40,769.721,0,ok,False,190010741,190020164,5,/data/grizos/Scale-Sim-SPM/topologies/ispass25_models/vit_b.csv,/data/grizos/Scale-Sim-SPM/benchmarks/results/cfgs/vit_b__grid_a64_s16_user__optimized__rep1.cfg,/data/grizos/Scale-Sim-SPM/benchmarks/results/runs/optimized/vit_b__grid_a64_s16_user__optimized__rep1,/data/grizos/Scale-Sim-SPM/benchmarks/results/logs/optimized/vit_b__grid_a64_s16_user__optimized__rep1.log,1.24.4,wil,3.8.10,x86_64,2026-09-20T16:56:36.571218+00:00
vit_b__grid_a64_s16_user__vanilla__rep2,main_grid,vit_b,grid_a64_s16_user,vanilla,2,64,16,USER,ws,0,10000000,20000000,40,5400.038,,timeout,True,,,,/data/grizos/SCALE-Sim/topologies/ispass25_models/vit_b.csv,/data/grizos/Scale-Sim-SPM/benchmarks/results/cfgs/vit_b__grid_a64_s16_user__vanilla__rep2.cfg,/data/grizos/Scale-Sim-SPM/benchmarks/results/runs/vanilla/vit_b__grid_a64_s16_user__vanilla__rep2,/data/grizos/Scale-Sim-SPM/benchmarks/results/logs/vanilla/vit_b__grid_a64_s16_user__vanilla__rep2.log,1.24.4,wil,3.8.10,x86_64,2026-09-20T18:26:39.135319+00:00
vit_b__grid_a64_s16_user__optimized__rep2,main_grid,vit_b,grid_a64_s16_user,optimized,2,64,16,USER,ws,0,10000000,20000000,40,778.947,0,ok,False,190010741,190020164,5,/data/grizos/Scale-Sim-SPM/topologies/ispass25_models/vit_b.csv,/data/grizos/Scale-Sim-SPM/benchmarks/results/cfgs/vit_b__grid_a64_s16_user__optimized__rep2.cfg,/data/grizos/Scale-Sim-SPM/benchmarks/results/runs/optimized/vit_b__grid_a64_s16_user__optimized__rep2,/data/grizos/Scale-Sim-SPM/benchmarks/results/logs/optimized/vit_b__grid_a64_s16_user__optimized__rep2.log,1.24.4,wil,3.8.10,x86_64,2026-09-20T18:39:38.123782+00:00
vit_b__grid_a64_s16_user__vanilla__rep3,main_grid,vit_b,grid_a64_s16_user,vanilla,3,64,16,USER,ws,0,10000000,20000000,40,5400.037,,timeout,True,,,,/data/grizos/SCALE-Sim/topologies/ispass25_models/vit_b.csv,/data/grizos/Scale-Sim-SPM/benchmarks/results/cfgs/vit_b__grid_a64_s16_user__vanilla__rep3.cfg,/data/grizos/Scale-Sim-SPM/benchmarks/results/runs/vanilla/vit_b__grid_a64_s16_user__vanilla__rep3,/data/grizos/Scale-Sim-SPM/benchmarks/results/logs/vanilla/vit_b__grid_a64_s16_user__vanilla__rep3.log,1.24.4,wil,3.8.10,x86_64,2026-09-20T20:09:40.886290+00:00
vit_b__grid_a64_s16_user__optimized__rep3,main_grid,vit_b,grid_a64_s16_user,optimized,3,64,16,USER,ws,0,10000000,20000000,40,788.224,0,ok,False,190010741,190020164,5,/data/grizos/Scale-Sim-SPM/topologies/ispass25_models/vit_b.csv,/data/grizos/Scale-Sim-SPM/benchmarks/results/cfgs/vit_b__grid_a64_s16_user__optimized__rep3.cfg,/data/grizos/Scale-Sim-SPM/benchmarks/results/runs/optimized/vit_b__grid_a64_s16_user__optimized__rep3,/data/grizos/Scale-Sim-SPM/benchmarks/results/logs/optimized/vit_b__grid_a64_s16_user__optimized__rep3.log,1.24.4,wil,3.8.10,x86_64,2026-09-20T20:22:49.149351+00:00
vit_b__grid_a64_s256_calc__vanilla__rep1,main_grid,vit_b,grid_a64_s256_calc,vanilla,1,64,256,CALC,ws,0,10000000,20000000,40,94.864,0,ok,False,473231,540470,5,/data/grizos/SCALE-Sim/topologies/ispass25_models/vit_b.csv,/data/grizos/Scale-Sim-SPM/benchmarks/results/cfgs/vit_b__grid_a64_s256_calc__vanilla__rep1.cfg,/data/grizos/Scale-Sim-SPM/benchmarks/results/runs/vanilla/vit_b__grid_a64_s256_calc__vanilla__rep1,/data/grizos/Scale-Sim-SPM/benchmarks/results/logs/vanilla/vit_b__grid_a64_s256_calc__vanilla__rep1.log,1.24.4,wil,3.8.10,x86_64,2026-09-20T20:24:26.466509+00:00
vit_b__grid_a64_s256_calc__optimized__rep1,main_grid,vit_b,grid_a64_s256_calc,optimized,1,64,256,CALC,ws,0,10000000,20000000,40,62.254,0,ok,False,473231,540470,5,/data/grizos/Scale-Sim-SPM/topologies/ispass25_models/vit_b.csv,/data/grizos/Scale-Sim-SPM/benchmarks/results/cfgs/vit_b__grid_a64_s256_calc__optimized__rep1.cfg,/data/grizos/Scale-Sim-SPM/benchmarks/results/runs/optimized/vit_b__grid_a64_s256_calc__optimized__rep1,/data/grizos/Scale-Sim-SPM/benchmarks/results/logs/optimized/vit_b__grid_a64_s256_calc__optimized__rep1.log,1.24.4,wil,3.8.10,x86_64,2026-09-20T20:25:28.826315+00:00
vit_b__grid_a64_s256_calc__vanilla__rep2,main_grid,vit_b,grid_a64_s256_calc,vanilla,2,64,256,CALC,ws,0,10000000,20000000,40,95.028,0,ok,False,473231,540470,5,/data/grizos/SCALE-Sim/topologies/ispass25_models/vit_b.csv,/data/grizos/Scale-Sim-SPM/benchmarks/results/cfgs/vit_b__grid_a64_s256_calc__vanilla__rep2.cfg,/data/grizos/Scale-Sim-SPM/benchmarks/results/runs/vanilla/vit_b__grid_a64_s256_calc__vanilla__rep2,/data/grizos/Scale-Sim-SPM/benchmarks/results/logs/vanilla/vit_b__grid_a64_s256_calc__vanilla__rep2.log,1.24.4,wil,3.8.10,x86_64,2026-09-20T20:27:03.957478+00:00
vit_b__grid_a64_s256_calc__optimized__rep2,main_grid,vit_b,grid_a64_s256_calc,optimized,2,64,256,CALC,ws,0,10000000,20000000,40,61.804,0,ok,False,473231,540470,5,/data/grizos/Scale-Sim-SPM/topologies/ispass25_models/vit_b.csv,/data/grizos/Scale-Sim-SPM/benchmarks/results/cfgs/vit_b__grid_a64_s256_calc__optimized__rep2.cfg,/data/grizos/Scale-Sim-SPM/benchmarks/results/runs/optimized/vit_b__grid_a64_s256_calc__optimized__rep2,/data/grizos/Scale-Sim-SPM/benchmarks/results/logs/optimized/vit_b__grid_a64_s256_calc__optimized__rep2.log,1.24.4,wil,3.8.10,x86_64,2026-09-20T20:28:05.864316+00:00
vit_b__grid_a64_s256_calc__vanilla__rep3,main_grid,vit_b,grid_a64_s256_calc,vanilla,3,64,256,CALC,ws,0,10000000,20000000,40,94.11,0,ok,False,473231,540470,5,/data/grizos/SCALE-Sim/topologies/ispass25_models/vit_b.csv,/data/grizos/Scale-Sim-SPM/benchmarks/results/cfgs/vit_b__grid_a64_s256_calc__vanilla__rep3.cfg,/data/grizos/Scale-Sim-SPM/benchmarks/results/runs/vanilla/vit_b__grid_a64_s256_calc__vanilla__rep3,/data/grizos/Scale-Sim-SPM/benchmarks/results/logs/vanilla/vit_b__grid_a64_s256_calc__vanilla__rep3.log,1.24.4,wil,3.8.10,x86_64,2026-09-20T20:29:40.078747+00:00
vit_b__grid_a64_s256_calc__optimized__rep3,main_grid,vit_b,grid_a64_s256_calc,optimized,3,64,256,CALC,ws,0,10000000,20000000,40,60.696,0,ok,False,473231,540470,5,/data/grizos/Scale-Sim-SPM/topologies/ispass25_models/vit_b.csv,/data/grizos/Scale-Sim-SPM/benchmarks/results/cfgs/vit_b__grid_a64_s256_calc__optimized__rep3.cfg,/data/grizos/Scale-Sim-SPM/benchmarks/results/runs/optimized/vit_b__grid_a64_s256_calc__optimized__rep3,/data/grizos/Scale-Sim-SPM/benchmarks/results/logs/optimized/vit_b__grid_a64_s256_calc__optimized__rep3.log,1.24.4,wil,3.8.10,x86_64,2026-09-20T20:30:40.867144+00:00
vit_b__grid_a64_s256_user__vanilla__rep1,main_grid,vit_b,grid_a64_s256_user,vanilla,1,64,256,USER,ws,0,10000000,20000000,40,315.141,0,ok,False,15380904,15497087,5,/data/grizos/SCALE-Sim/topologies/ispass25_models/vit_b.csv,/data/grizos/Scale-Sim-SPM/benchmarks/results/cfgs/vit_b__grid_a64_s256_user__vanilla__rep1.cfg,/data/grizos/Scale-Sim-SPM/benchmarks/results/runs/vanilla/vit_b__grid_a64_s256_user__vanilla__rep1,/data/grizos/Scale-Sim-SPM/benchmarks/results/logs/vanilla/vit_b__grid_a64_s256_user__vanilla__rep1.log,1.24.4,wil,3.8.10,x86_64,2026-09-20T20:35:56.110737+00:00
vit_b__grid_a64_s256_user__optimized__rep1,main_grid,vit_b,grid_a64_s256_user,optimized,1,64,256,USER,ws,0,10000000,20000000,40,143.795,0,ok,False,15380904,15497087,5,/data/grizos/Scale-Sim-SPM/topologies/ispass25_models/vit_b.csv,/data/grizos/Scale-Sim-SPM/benchmarks/results/cfgs/vit_b__grid_a64_s256_user__optimized__rep1.cfg,/data/grizos/Scale-Sim-SPM/benchmarks/results/runs/optimized/vit_b__grid_a64_s256_user__optimized__rep1,/data/grizos/Scale-Sim-SPM/benchmarks/results/logs/optimized/vit_b__grid_a64_s256_user__optimized__rep1.log,1.24.4,wil,3.8.10,x86_64,2026-09-20T20:38:20.242754+00:00
vit_b__grid_a64_s256_user__vanilla__rep2,main_grid,vit_b,grid_a64_s256_user,vanilla,2,64,256,USER,ws,0,10000000,20000000,40,316.851,0,ok,False,15380904,15497087,5,/data/grizos/SCALE-Sim/topologies/ispass25_models/vit_b.csv,/data/grizos/Scale-Sim-SPM/benchmarks/results/cfgs/vit_b__grid_a64_s256_user__vanilla__rep2.cfg,/data/grizos/Scale-Sim-SPM/benchmarks/results/runs/vanilla/vit_b__grid_a64_s256_user__vanilla__rep2,/data/grizos/Scale-Sim-SPM/benchmarks/results/logs/vanilla/vit_b__grid_a64_s256_user__vanilla__rep2.log,1.24.4,wil,3.8.10,x86_64,2026-09-20T20:43:37.347254+00:00
vit_b__grid_a64_s256_user__optimized__rep2,main_grid,vit_b,grid_a64_s256_user,optimized,2,64,256,USER,ws,0,10000000,20000000,40,146.277,0,ok,False,15380904,15497087,5,/data/grizos/Scale-Sim-SPM/topologies/ispass25_models/vit_b.csv,/data/grizos/Scale-Sim-SPM/benchmarks/results/cfgs/vit_b__grid_a64_s256_user__optimized__rep2.cfg,/data/grizos/Scale-Sim-SPM/benchmarks/results/runs/optimized/vit_b__grid_a64_s256_user__optimized__rep2,/data/grizos/Scale-Sim-SPM/benchmarks/results/logs/optimized/vit_b__grid_a64_s256_user__optimized__rep2.log,1.24.4,wil,3.8.10,x86_64,2026-09-20T20:46:03.961676+00:00
vit_b__grid_a64_s256_user__vanilla__rep3,main_grid,vit_b,grid_a64_s256_user,vanilla,3,64,256,USER,ws,0,10000000,20000000,40,312.813,0,ok,False,15380904,15497087,5,/data/grizos/SCALE-Sim/topologies/ispass25_models/vit_b.csv,/data/grizos/Scale-Sim-SPM/benchmarks/results/cfgs/vit_b__grid_a64_s256_user__vanilla__rep3.cfg,/data/grizos/Scale-Sim-SPM/benchmarks/results/runs/vanilla/vit_b__grid_a64_s256_user__vanilla__rep3,/data/grizos/Scale-Sim-SPM/benchmarks/results/logs/vanilla/vit_b__grid_a64_s256_user__vanilla__rep3.log,1.24.4,wil,3.8.10,x86_64,2026-09-20T20:51:17.126484+00:00
vit_b__grid_a64_s256_user__optimized__rep3,main_grid,vit_b,grid_a64_s256_user,optimized,3,64,256,USER,ws,0,10000000,20000000,40,139.395,0,ok,False,15380904,15497087,5,/data/grizos/Scale-Sim-SPM/topologies/ispass25_models/vit_b.csv,/data/grizos/Scale-Sim-SPM/benchmarks/results/cfgs/vit_b__grid_a64_s256_user__optimized__rep3.cfg,/data/grizos/Scale-Sim-SPM/benchmarks/results/runs/optimized/vit_b__grid_a64_s256_user__optimized__rep3,/data/grizos/Scale-Sim-SPM/benchmarks/results/logs/optimized/vit_b__grid_a64_s256_user__optimized__rep3.log,1.24.4,wil,3.8.10,x86_64,2026-09-20T20:53:36.873652+00:00
vit_b__ctrl_offset_shift__vanilla__rep1,main_grid,vit_b,ctrl_offset_shift,vanilla,1,32,64,CALC,ws,5000000,15000000,25000000,40,210.109,0,ok,False,1420995,1441745,5,/data/grizos/SCALE-Sim/topologies/ispass25_models/vit_b.csv,/data/grizos/Scale-Sim-SPM/benchmarks/results/cfgs/vit_b__ctrl_offset_shift__vanilla__rep1.cfg,/data/grizos/Scale-Sim-SPM/benchmarks/results/runs/vanilla/vit_b__ctrl_offset_shift__vanilla__rep1,/data/grizos/Scale-Sim-SPM/benchmarks/results/logs/vanilla/vit_b__ctrl_offset_shift__vanilla__rep1.log,1.24.4,wil,3.8.10,x86_64,2026-09-20T20:57:07.331435+00:00
vit_b__ctrl_offset_shift__optimized__rep1,main_grid,vit_b,ctrl_offset_shift,optimized,1,32,64,CALC,ws,5000000,15000000,25000000,40,117.166,0,ok,False,1420995,1441745,5,/data/grizos/Scale-Sim-SPM/topologies/ispass25_models/vit_b.csv,/data/grizos/Scale-Sim-SPM/benchmarks/results/cfgs/vit_b__ctrl_offset_shift__optimized__rep1.cfg,/data/grizos/Scale-Sim-SPM/benchmarks/results/runs/optimized/vit_b__ctrl_offset_shift__optimized__rep1,/data/grizos/Scale-Sim-SPM/benchmarks/results/logs/optimized/vit_b__ctrl_offset_shift__optimized__rep1.log,1.24.4,wil,3.8.10,x86_64,2026-09-20T20:59:04.678211+00:00
vit_b__ctrl_offset_shift__vanilla__rep2,main_grid,vit_b,ctrl_offset_shift,vanilla,2,32,64,CALC,ws,5000000,15000000,25000000,40,208.242,0,ok,False,1420995,1441745,5,/data/grizos/SCALE-Sim/topologies/ispass25_models/vit_b.csv,/data/grizos/Scale-Sim-SPM/benchmarks/results/cfgs/vit_b__ctrl_offset_shift__vanilla__rep2.cfg,/data/grizos/Scale-Sim-SPM/benchmarks/results/runs/vanilla/vit_b__ctrl_offset_shift__vanilla__rep2,/data/grizos/Scale-Sim-SPM/benchmarks/results/logs/vanilla/vit_b__ctrl_offset_shift__vanilla__rep2.log,1.24.4,wil,3.8.10,x86_64,2026-09-20T21:02:33.103435+00:00
vit_b__ctrl_offset_shift__optimized__rep2,main_grid,vit_b,ctrl_offset_shift,optimized,2,32,64,CALC,ws,5000000,15000000,25000000,40,117.914,0,ok,False,1420995,1441745,5,/data/grizos/Scale-Sim-SPM/topologies/ispass25_models/vit_b.csv,/data/grizos/Scale-Sim-SPM/benchmarks/results/cfgs/vit_b__ctrl_offset_shift__optimized__rep2.cfg,/data/grizos/Scale-Sim-SPM/benchmarks/results/runs/optimized/vit_b__ctrl_offset_shift__optimized__rep2,/data/grizos/Scale-Sim-SPM/benchmarks/results/logs/optimized/vit_b__ctrl_offset_shift__optimized__rep2.log,1.24.4,wil,3.8.10,x86_64,2026-09-20T21:04:31.199648+00:00
vit_b__ctrl_offset_shift__vanilla__rep3,main_grid,vit_b,ctrl_offset_shift,vanilla,3,32,64,CALC,ws,5000000,15000000,25000000,40,211.672,0,ok,False,1420995,1441745,5,/data/grizos/SCALE-Sim/topologies/ispass25_models/vit_b.csv,/data/grizos/Scale-Sim-SPM/benchmarks/results/cfgs/vit_b__ctrl_offset_shift__vanilla__rep3.cfg,/data/grizos/Scale-Sim-SPM/benchmarks/results/runs/vanilla/vit_b__ctrl_offset_shift__vanilla__rep3,/data/grizos/Scale-Sim-SPM/benchmarks/results/logs/vanilla/vit_b__ctrl_offset_shift__vanilla__rep3.log,1.24.4,wil,3.8.10,x86_64,2026-09-20T21:08:03.053046+00:00
vit_b__ctrl_offset_shift__optimized__rep3,main_grid,vit_b,ctrl_offset_shift,optimized,3,32,64,CALC,ws,5000000,15000000,25000000,40,121.302,0,ok,False,1420995,1441745,5,/data/grizos/Scale-Sim-SPM/topologies/ispass25_models/vit_b.csv,/data/grizos/Scale-Sim-SPM/benchmarks/results/cfgs/vit_b__ctrl_offset_shift__optimized__rep3.cfg,/data/grizos/Scale-Sim-SPM/benchmarks/results/runs/optimized/vit_b__ctrl_offset_shift__optimized__rep3,/data/grizos/Scale-Sim-SPM/benchmarks/results/logs/optimized/vit_b__ctrl_offset_shift__optimized__rep3.log,1.24.4,wil,3.8.10,x86_64,2026-09-20T21:10:04.535628+00:00
vit_b__ctrl_seed_alt__vanilla__rep1,main_grid,vit_b,ctrl_seed_alt,vanilla,1,32,64,CALC,ws,0,10000000,20000000,777,209.252,0,ok,False,1420995,1441745,5,/data/grizos/SCALE-Sim/topologies/ispass25_models/vit_b.csv,/data/grizos/Scale-Sim-SPM/benchmarks/results/cfgs/vit_b__ctrl_seed_alt__vanilla__rep1.cfg,/data/grizos/Scale-Sim-SPM/benchmarks/results/runs/vanilla/vit_b__ctrl_seed_alt__vanilla__rep1,/data/grizos/Scale-Sim-SPM/benchmarks/results/logs/vanilla/vit_b__ctrl_seed_alt__vanilla__rep1.log,1.24.4,wil,3.8.10,x86_64,2026-09-20T21:13:33.967103+00:00
vit_b__ctrl_seed_alt__optimized__rep1,main_grid,vit_b,ctrl_seed_alt,optimized,1,32,64,CALC,ws,0,10000000,20000000,777,115.855,0,ok,False,1420995,1441745,5,/data/grizos/Scale-Sim-SPM/topologies/ispass25_models/vit_b.csv,/data/grizos/Scale-Sim-SPM/benchmarks/results/cfgs/vit_b__ctrl_seed_alt__optimized__rep1.cfg,/data/grizos/Scale-Sim-SPM/benchmarks/results/runs/optimized/vit_b__ctrl_seed_alt__optimized__rep1,/data/grizos/Scale-Sim-SPM/benchmarks/results/logs/optimized/vit_b__ctrl_seed_alt__optimized__rep1.log,1.24.4,wil,3.8.10,x86_64,2026-09-20T21:15:29.988889+00:00
vit_b__ctrl_seed_alt__vanilla__rep2,main_grid,vit_b,ctrl_seed_alt,vanilla,2,32,64,CALC,ws,0,10000000,20000000,777,209.054,0,ok,False,1420995,1441745,5,/data/grizos/SCALE-Sim/topologies/ispass25_models/vit_b.csv,/data/grizos/Scale-Sim-SPM/benchmarks/results/cfgs/vit_b__ctrl_seed_alt__vanilla__rep2.cfg,/data/grizos/Scale-Sim-SPM/benchmarks/results/runs/vanilla/vit_b__ctrl_seed_alt__vanilla__rep2,/data/grizos/Scale-Sim-SPM/benchmarks/results/logs/vanilla/vit_b__ctrl_seed_alt__vanilla__rep2.log,1.24.4,wil,3.8.10,x86_64,2026-09-20T21:18:59.211284+00:00
vit_b__ctrl_seed_alt__optimized__rep2,main_grid,vit_b,ctrl_seed_alt,optimized,2,32,64,CALC,ws,0,10000000,20000000,777,118.109,0,ok,False,1420995,1441745,5,/data/grizos/Scale-Sim-SPM/topologies/ispass25_models/vit_b.csv,/data/grizos/Scale-Sim-SPM/benchmarks/results/cfgs/vit_b__ctrl_seed_alt__optimized__rep2.cfg,/data/grizos/Scale-Sim-SPM/benchmarks/results/runs/optimized/vit_b__ctrl_seed_alt__optimized__rep2,/data/grizos/Scale-Sim-SPM/benchmarks/results/logs/optimized/vit_b__ctrl_seed_alt__optimized__rep2.log,1.24.4,wil,3.8.10,x86_64,2026-09-20T21:20:57.491209+00:00
vit_b__ctrl_seed_alt__vanilla__rep3,main_grid,vit_b,ctrl_seed_alt,vanilla,3,32,64,CALC,ws,0,10000000,20000000,777,205.818,0,ok,False,1420995,1441745,5,/data/grizos/SCALE-Sim/topologies/ispass25_models/vit_b.csv,/data/grizos/Scale-Sim-SPM/benchmarks/results/cfgs/vit_b__ctrl_seed_alt__vanilla__rep3.cfg,/data/grizos/Scale-Sim-SPM/benchmarks/results/runs/vanilla/vit_b__ctrl_seed_alt__vanilla__rep3,/data/grizos/Scale-Sim-SPM/benchmarks/results/logs/vanilla/vit_b__ctrl_seed_alt__vanilla__rep3.log,1.24.4,wil,3.8.10,x86_64,2026-09-20T21:24:23.478896+00:00
vit_b__ctrl_seed_alt__optimized__rep3,main_grid,vit_b,ctrl_seed_alt,optimized,3,32,64,CALC,ws,0,10000000,20000000,777,115.505,0,ok,False,1420995,1441745,5,/data/grizos/Scale-Sim-SPM/topologies/ispass25_models/vit_b.csv,/data/grizos/Scale-Sim-SPM/benchmarks/results/cfgs/vit_b__ctrl_seed_alt__optimized__rep3.cfg,/data/grizos/Scale-Sim-SPM/benchmarks/results/runs/optimized/vit_b__ctrl_seed_alt__optimized__rep3,/data/grizos/Scale-Sim-SPM/benchmarks/results/logs/optimized/vit_b__ctrl_seed_alt__optimized__rep3.log,1.24.4,wil,3.8.10,x86_64,2026-09-20T21:26:19.153582+00:00
transformer__anchor__vanilla__rep1,main_grid,transformer,anchor,vanilla,1,32,64,CALC,ws,0,10000000,20000000,40,1132.579,0,ok,False,8073774,8301608,54,/data/grizos/SCALE-Sim/topologies/transformer/transformer_fwd.csv,/data/grizos/Scale-Sim-SPM/benchmarks/results/cfgs/transformer__anchor__vanilla__rep1.cfg,/data/grizos/Scale-Sim-SPM/benchmarks/results/runs/vanilla/transformer__anchor__vanilla__rep1,/data/grizos/Scale-Sim-SPM/benchmarks/results/logs/vanilla/transformer__anchor__vanilla__rep1.log,1.24.4,wil,3.8.10,x86_64,2026-09-20T21:45:11.904081+00:00
transformer__anchor__optimized__rep1,main_grid,transformer,anchor,optimized,1,32,64,CALC,ws,0,10000000,20000000,40,673.395,0,ok,False,8073774,8301608,54,/data/grizos/Scale-Sim-SPM/topologies/transformer/transformer_fwd.csv,/data/grizos/Scale-Sim-SPM/benchmarks/results/cfgs/transformer__anchor__optimized__rep1.cfg,/data/grizos/Scale-Sim-SPM/benchmarks/results/runs/optimized/transformer__anchor__optimized__rep1,/data/grizos/Scale-Sim-SPM/benchmarks/results/logs/optimized/transformer__anchor__optimized__rep1.log,1.24.4,wil,3.8.10,x86_64,2026-09-20T21:56:26.210345+00:00
transformer__anchor__vanilla__rep2,main_grid,transformer,anchor,vanilla,2,32,64,CALC,ws,0,10000000,20000000,40,1128.419,0,ok,False,8073774,8301608,54,/data/grizos/SCALE-Sim/topologies/transformer/transformer_fwd.csv,/data/grizos/Scale-Sim-SPM/benchmarks/results/cfgs/transformer__anchor__vanilla__rep2.cfg,/data/grizos/Scale-Sim-SPM/benchmarks/results/runs/vanilla/transformer__anchor__vanilla__rep2,/data/grizos/Scale-Sim-SPM/benchmarks/results/logs/vanilla/transformer__anchor__vanilla__rep2.log,1.24.4,wil,3.8.10,x86_64,2026-09-20T22:15:15.554326+00:00
transformer__anchor__optimized__rep2,main_grid,transformer,anchor,optimized,2,32,64,CALC,ws,0,10000000,20000000,40,656.222,0,ok,False,8073774,8301608,54,/data/grizos/Scale-Sim-SPM/topologies/transformer/transformer_fwd.csv,/data/grizos/Scale-Sim-SPM/benchmarks/results/cfgs/transformer__anchor__optimized__rep2.cfg,/data/grizos/Scale-Sim-SPM/benchmarks/results/runs/optimized/transformer__anchor__optimized__rep2,/data/grizos/Scale-Sim-SPM/benchmarks/results/logs/optimized/transformer__anchor__optimized__rep2.log,1.24.4,wil,3.8.10,x86_64,2026-09-20T22:26:12.664363+00:00
transformer__anchor__vanilla__rep3,main_grid,transformer,anchor,vanilla,3,32,64,CALC,ws,0,10000000,20000000,40,1105.796,0,ok,False,8073774,8301608,54,/data/grizos/SCALE-Sim/topologies/transformer/transformer_fwd.csv,/data/grizos/Scale-Sim-SPM/benchmarks/results/cfgs/transformer__anchor__vanilla__rep3.cfg,/data/grizos/Scale-Sim-SPM/benchmarks/results/runs/vanilla/transformer__anchor__vanilla__rep3,/data/grizos/Scale-Sim-SPM/benchmarks/results/logs/vanilla/transformer__anchor__vanilla__rep3.log,1.24.4,wil,3.8.10,x86_64,2026-09-20T22:44:39.360246+00:00
transformer__anchor__optimized__rep3,main_grid,transformer,anchor,optimized,3,32,64,CALC,ws,0,10000000,20000000,40,663.747,0,ok,False,8073774,8301608,54,/data/grizos/Scale-Sim-SPM/topologies/transformer/transformer_fwd.csv,/data/grizos/Scale-Sim-SPM/benchmarks/results/cfgs/transformer__anchor__optimized__rep3.cfg,/data/grizos/Scale-Sim-SPM/benchmarks/results/runs/optimized/transformer__anchor__optimized__rep3,/data/grizos/Scale-Sim-SPM/benchmarks/results/logs/optimized/transformer__anchor__optimized__rep3.log,1.24.4,wil,3.8.10,x86_64,2026-09-20T22:55:44.011124+00:00
transformer__grid_a16_s16_calc__vanilla__rep1,main_grid,transformer,grid_a16_s16_calc,vanilla,1,16,16,CALC,ws,0,10000000,20000000,40,3865.992,0,ok,False,27498074,27568188,54,/data/grizos/SCALE-Sim/topologies/transformer/transformer_fwd.csv,/data/grizos/Scale-Sim-SPM/benchmarks/results/cfgs/transformer__grid_a16_s16_calc__vanilla__rep1.cfg,/data/grizos/Scale-Sim-SPM/benchmarks/results/runs/vanilla/transformer__grid_a16_s16_calc__vanilla__rep1,/data/grizos/Scale-Sim-SPM/benchmarks/results/logs/vanilla/transformer__grid_a16_s16_calc__vanilla__rep1.log,1.24.4,wil,3.8.10,x86_64,2026-09-21T00:00:10.886745+00:00
transformer__grid_a16_s16_calc__optimized__rep1,main_grid,transformer,grid_a16_s16_calc,optimized,1,16,16,CALC,ws,0,10000000,20000000,40,1609.655,0,ok,False,27498074,27568188,54,/data/grizos/Scale-Sim-SPM/topologies/transformer/transformer_fwd.csv,/data/grizos/Scale-Sim-SPM/benchmarks/results/cfgs/transformer__grid_a16_s16_calc__optimized__rep1.cfg,/data/grizos/Scale-Sim-SPM/benchmarks/results/runs/optimized/transformer__grid_a16_s16_calc__optimized__rep1,/data/grizos/Scale-Sim-SPM/benchmarks/results/logs/optimized/transformer__grid_a16_s16_calc__optimized__rep1.log,1.24.4,wil,3.8.10,x86_64,2026-09-21T00:27:02.378346+00:00
transformer__grid_a16_s16_calc__vanilla__rep2,main_grid,transformer,grid_a16_s16_calc,vanilla,2,16,16,CALC,ws,0,10000000,20000000,40,3787.297,0,ok,False,27498074,27568188,54,/data/grizos/SCALE-Sim/topologies/transformer/transformer_fwd.csv,/data/grizos/Scale-Sim-SPM/benchmarks/results/cfgs/transformer__grid_a16_s16_calc__vanilla__rep2.cfg,/data/grizos/Scale-Sim-SPM/benchmarks/results/runs/vanilla/transformer__grid_a16_s16_calc__vanilla__rep2,/data/grizos/Scale-Sim-SPM/benchmarks/results/logs/vanilla/transformer__grid_a16_s16_calc__vanilla__rep2.log,1.24.4,wil,3.8.10,x86_64,2026-09-21T01:30:11.408729+00:00
transformer__grid_a16_s16_calc__optimized__rep2,main_grid,transformer,grid_a16_s16_calc,optimized,2,16,16,CALC,ws,0,10000000,20000000,40,1591.842,0,ok,False,27498074,27568188,54,/data/grizos/Scale-Sim-SPM/topologies/transformer/transformer_fwd.csv,/data/grizos/Scale-Sim-SPM/benchmarks/results/cfgs/transformer__grid_a16_s16_calc__optimized__rep2.cfg,/data/grizos/Scale-Sim-SPM/benchmarks/results/runs/optimized/transformer__grid_a16_s16_calc__optimized__rep2,/data/grizos/Scale-Sim-SPM/benchmarks/results/logs/optimized/transformer__grid_a16_s16_calc__optimized__rep2.log,1.24.4,wil,3.8.10,x86_64,2026-09-21T01:56:45.048676+00:00
transformer__grid_a16_s16_calc__vanilla__rep3,main_grid,transformer,grid_a16_s16_calc,vanilla,3,16,16,CALC,ws,0,10000000,20000000,40,3788.993,0,ok,False,27498074,27568188,54,/data/grizos/SCALE-Sim/topologies/transformer/transformer_fwd.csv,/data/grizos/Scale-Sim-SPM/benchmarks/results/cfgs/transformer__grid_a16_s16_calc__vanilla__rep3.cfg,/data/grizos/Scale-Sim-SPM/benchmarks/results/runs/vanilla/transformer__grid_a16_s16_calc__vanilla__rep3,/data/grizos/Scale-Sim-SPM/benchmarks/results/logs/vanilla/transformer__grid_a16_s16_calc__vanilla__rep3.log,1.24.4,wil,3.8.10,x86_64,2026-09-21T02:59:55.789220+00:00
transformer__grid_a16_s16_calc__optimized__rep3,main_grid,transformer,grid_a16_s16_calc,optimized,3,16,16,CALC,ws,0,10000000,20000000,40,1595.885,0,ok,False,27498074,27568188,54,/data/grizos/Scale-Sim-SPM/topologies/transformer/transformer_fwd.csv,/data/grizos/Scale-Sim-SPM/benchmarks/results/cfgs/transformer__grid_a16_s16_calc__optimized__rep3.cfg,/data/grizos/Scale-Sim-SPM/benchmarks/results/runs/optimized/transformer__grid_a16_s16_calc__optimized__rep3,/data/grizos/Scale-Sim-SPM/benchmarks/results/logs/optimized/transformer__grid_a16_s16_calc__optimized__rep3.log,1.24.4,wil,3.8.10,x86_64,2026-09-21T03:26:33.478184+00:00
transformer__grid_a16_s16_user__vanilla__rep1,main_grid,transformer,grid_a16_s16_user,vanilla,1,16,16,USER,ws,0,10000000,20000000,40,5400.137,,timeout,True,,,,/data/grizos/SCALE-Sim/topologies/transformer/transformer_fwd.csv,/data/grizos/Scale-Sim-SPM/benchmarks/results/cfgs/transformer__grid_a16_s16_user__vanilla__rep1.cfg,/data/grizos/Scale-Sim-SPM/benchmarks/results/runs/vanilla/transformer__grid_a16_s16_user__vanilla__rep1,/data/grizos/Scale-Sim-SPM/benchmarks/results/logs/vanilla/transformer__grid_a16_s16_user__vanilla__rep1.log,1.24.4,wil,3.8.10,x86_64,2026-09-21T04:56:35.431717+00:00
transformer__grid_a16_s16_user__optimized__rep1,main_grid,transformer,grid_a16_s16_user,optimized,1,16,16,USER,ws,0,10000000,20000000,40,5403.175,,timeout,True,,,,/data/grizos/Scale-Sim-SPM/topologies/transformer/transformer_fwd.csv,/data/grizos/Scale-Sim-SPM/benchmarks/results/cfgs/transformer__grid_a16_s16_user__optimized__rep1.cfg,/data/grizos/Scale-Sim-SPM/benchmarks/results/runs/optimized/transformer__grid_a16_s16_user__optimized__rep1,/data/grizos/Scale-Sim-SPM/benchmarks/results/logs/optimized/transformer__grid_a16_s16_user__optimized__rep1.log,1.24.4,wil,3.8.10,x86_64,2026-09-21T06:26:39.626544+00:00
transformer__grid_a16_s16_user__vanilla__rep2,main_grid,transformer,grid_a16_s16_user,vanilla,2,16,16,USER,ws,0,10000000,20000000,40,5400.177,,timeout,True,,,,/data/grizos/SCALE-Sim/topologies/transformer/transformer_fwd.csv,/data/grizos/Scale-Sim-SPM/benchmarks/results/cfgs/transformer__grid_a16_s16_user__vanilla__rep2.cfg,/data/grizos/Scale-Sim-SPM/benchmarks/results/runs/vanilla/transformer__grid_a16_s16_user__vanilla__rep2,/data/grizos/Scale-Sim-SPM/benchmarks/results/logs/vanilla/transformer__grid_a16_s16_user__vanilla__rep2.log,1.24.4,wil,3.8.10,x86_64,2026-09-21T07:56:40.419732+00:00
transformer__grid_a16_s16_user__optimized__rep2,main_grid,transformer,grid_a16_s16_user,optimized,2,16,16,USER,ws,0,10000000,20000000,40,5401.595,,timeout,True,,,,/data/grizos/Scale-Sim-SPM/topologies/transformer/transformer_fwd.csv,/data/grizos/Scale-Sim-SPM/benchmarks/results/cfgs/transformer__grid_a16_s16_user__optimized__rep2.cfg,/data/grizos/Scale-Sim-SPM/benchmarks/results/runs/optimized/transformer__grid_a16_s16_user__optimized__rep2,/data/grizos/Scale-Sim-SPM/benchmarks/results/logs/optimized/transformer__grid_a16_s16_user__optimized__rep2.log,1.24.4,wil,3.8.10,x86_64,2026-09-21T09:26:43.017723+00:00
transformer__grid_a16_s16_user__vanilla__rep3,main_grid,transformer,grid_a16_s16_user,vanilla,3,16,16,USER,ws,0,10000000,20000000,40,5400.198,,timeout,True,,,,/data/grizos/SCALE-Sim/topologies/transformer/transformer_fwd.csv,/data/grizos/Scale-Sim-SPM/benchmarks/results/cfgs/transformer__grid_a16_s16_user__vanilla__rep3.cfg,/data/grizos/Scale-Sim-SPM/benchmarks/results/runs/vanilla/transformer__grid_a16_s16_user__vanilla__rep3,/data/grizos/Scale-Sim-SPM/benchmarks/results/logs/vanilla/transformer__grid_a16_s16_user__vanilla__rep3.log,1.24.4,wil,3.8.10,x86_64,2026-09-21T10:56:50.068867+00:00
transformer__grid_a16_s16_user__optimized__rep3,main_grid,transformer,grid_a16_s16_user,optimized,3,16,16,USER,ws,0,10000000,20000000,40,5401.342,,timeout,True,,,,/data/grizos/Scale-Sim-SPM/topologies/transformer/transformer_fwd.csv,/data/grizos/Scale-Sim-SPM/benchmarks/results/cfgs/transformer__grid_a16_s16_user__optimized__rep3.cfg,/data/grizos/Scale-Sim-SPM/benchmarks/results/runs/optimized/transformer__grid_a16_s16_user__optimized__rep3,/data/grizos/Scale-Sim-SPM/benchmarks/results/logs/optimized/transformer__grid_a16_s16_user__optimized__rep3.log,1.24.4,wil,3.8.10,x86_64,2026-09-21T12:26:52.399416+00:00
transformer__grid_a16_s256_calc__vanilla__rep1,main_grid,transformer,grid_a16_s256_calc,vanilla,1,16,256,CALC,ws,0,10000000,20000000,40,2753.454,0,ok,False,27498074,28470455,54,/data/grizos/SCALE-Sim/topologies/transformer/transformer_fwd.csv,/data/grizos/Scale-Sim-SPM/benchmarks/results/cfgs/transformer__grid_a16_s256_calc__vanilla__rep1.cfg,/data/grizos/Scale-Sim-SPM/benchmarks/results/runs/vanilla/transformer__grid_a16_s256_calc__vanilla__rep1,/data/grizos/Scale-Sim-SPM/benchmarks/results/logs/vanilla/transformer__grid_a16_s256_calc__vanilla__rep1.log,1.24.4,wil,3.8.10,x86_64,2026-09-21T13:12:54.063143+00:00
transformer__grid_a16_s256_calc__optimized__rep1,main_grid,transformer,grid_a16_s256_calc,optimized,1,16,256,CALC,ws,0,10000000,20000000,40,1533.487,0,ok,False,27498074,28470455,54,/data/grizos/Scale-Sim-SPM/topologies/transformer/transformer_fwd.csv,/data/grizos/Scale-Sim-SPM/benchmarks/results/cfgs/transformer__grid_a16_s256_calc__optimized__rep1.cfg,/data/grizos/Scale-Sim-SPM/benchmarks/results/runs/optimized/transformer__grid_a16_s256_calc__optimized__rep1,/data/grizos/Scale-Sim-SPM/benchmarks/results/logs/optimized/transformer__grid_a16_s256_calc__optimized__rep1.log,1.24.4,wil,3.8.10,x86_64,2026-09-21T13:38:29.213957+00:00
transformer__grid_a16_s256_calc__vanilla__rep2,main_grid,transformer,grid_a16_s256_calc,vanilla,2,16,256,CALC,ws,0,10000000,20000000,40,2795.813,0,ok,False,27498074,28470455,54,/data/grizos/SCALE-Sim/topologies/transformer/transformer_fwd.csv,/data/grizos/Scale-Sim-SPM/benchmarks/results/cfgs/transformer__grid_a16_s256_calc__vanilla__rep2.cfg,/data/grizos/Scale-Sim-SPM/benchmarks/results/runs/vanilla/transformer__grid_a16_s256_calc__vanilla__rep2,/data/grizos/Scale-Sim-SPM/benchmarks/results/logs/vanilla/transformer__grid_a16_s256_calc__vanilla__rep2.log,1.24.4,wil,3.8.10,x86_64,2026-09-21T14:25:06.681951+00:00
transformer__grid_a16_s256_calc__optimized__rep2,main_grid,transformer,grid_a16_s256_calc,optimized,2,16,256,CALC,ws,0,10000000,20000000,40,1533.505,0,ok,False,27498074,28470455,54,/data/grizos/Scale-Sim-SPM/topologies/transformer/transformer_fwd.csv,/data/grizos/Scale-Sim-SPM/benchmarks/results/cfgs/transformer__grid_a16_s256_calc__optimized__rep2.cfg,/data/grizos/Scale-Sim-SPM/benchmarks/results/runs/optimized/transformer__grid_a16_s256_calc__optimized__rep2,/data/grizos/Scale-Sim-SPM/benchmarks/results/logs/optimized/transformer__grid_a16_s256_calc__optimized__rep2.log,1.24.4,wil,3.8.10,x86_64,2026-09-21T14:50:41.859043+00:00
transformer__grid_a16_s256_calc__vanilla__rep3,main_grid,transformer,grid_a16_s256_calc,vanilla,3,16,256,CALC,ws,0,10000000,20000000,40,2754.675,0,ok,False,27498074,28470455,54,/data/grizos/SCALE-Sim/topologies/transformer/transformer_fwd.csv,/data/grizos/Scale-Sim-SPM/benchmarks/results/cfgs/transformer__grid_a16_s256_calc__vanilla__rep3.cfg,/data/grizos/Scale-Sim-SPM/benchmarks/results/runs/vanilla/transformer__grid_a16_s256_calc__vanilla__rep3,/data/grizos/Scale-Sim-SPM/benchmarks/results/logs/vanilla/transformer__grid_a16_s256_calc__vanilla__rep3.log,1.24.4,wil,3.8.10,x86_64,2026-09-21T15:36:38.199701+00:00
transformer__grid_a16_s256_calc__optimized__rep3,main_grid,transformer,grid_a16_s256_calc,optimized,3,16,256,CALC,ws,0,10000000,20000000,40,1532.806,0,ok,False,27498074,28470455,54,/data/grizos/Scale-Sim-SPM/topologies/transformer/transformer_fwd.csv,/data/grizos/Scale-Sim-SPM/benchmarks/results/cfgs/transformer__grid_a16_s256_calc__optimized__rep3.cfg,/data/grizos/Scale-Sim-SPM/benchmarks/results/runs/optimized/transformer__grid_a16_s256_calc__optimized__rep3,/data/grizos/Scale-Sim-SPM/benchmarks/results/logs/optimized/transformer__grid_a16_s256_calc__optimized__rep3.log,1.24.4,wil,3.8.10,x86_64,2026-09-21T16:02:12.708090+00:00
transformer__grid_a16_s256_user__vanilla__rep1,main_grid,transformer,grid_a16_s256_user,vanilla,1,16,256,USER,ws,0,10000000,20000000,40,4300.675,0,ok,False,80185817,81623135,54,/data/grizos/SCALE-Sim/topologies/transformer/transformer_fwd.csv,/data/grizos/Scale-Sim-SPM/benchmarks/results/cfgs/transformer__grid_a16_s256_user__vanilla__rep1.cfg,/data/grizos/Scale-Sim-SPM/benchmarks/results/runs/vanilla/transformer__grid_a16_s256_user__vanilla__rep1,/data/grizos/Scale-Sim-SPM/benchmarks/results/logs/vanilla/transformer__grid_a16_s256_user__vanilla__rep1.log,1.24.4,wil,3.8.10,x86_64,2026-09-21T17:13:55.027359+00:00
transformer__grid_a16_s256_user__optimized__rep1,main_grid,transformer,grid_a16_s256_user,optimized,1,16,256,USER,ws,0,10000000,20000000,40,1945.223,0,ok,False,80185817,81623135,54,/data/grizos/Scale-Sim-SPM/topologies/transformer/transformer_fwd.csv,/data/grizos/Scale-Sim-SPM/benchmarks/results/cfgs/transformer__grid_a16_s256_user__optimized__rep1.cfg,/data/grizos/Scale-Sim-SPM/benchmarks/results/runs/optimized/transformer__grid_a16_s256_user__optimized__rep1,/data/grizos/Scale-Sim-SPM/benchmarks/results/logs/optimized/transformer__grid_a16_s256_user__optimized__rep1.log,1.24.4,wil,3.8.10,x86_64,2026-09-21T17:46:22.533991+00:00
transformer__grid_a16_s256_user__vanilla__rep2,main_grid,transformer,grid_a16_s256_user,vanilla,2,16,256,USER,ws,0,10000000,20000000,40,4291.376,0,ok,False,80185817,81623135,54,/data/grizos/SCALE-Sim/topologies/transformer/transformer_fwd.csv,/data/grizos/Scale-Sim-SPM/benchmarks/results/cfgs/transformer__grid_a16_s256_user__vanilla__rep2.cfg,/data/grizos/Scale-Sim-SPM/benchmarks/results/runs/vanilla/transformer__grid_a16_s256_user__vanilla__rep2,/data/grizos/Scale-Sim-SPM/benchmarks/results/logs/vanilla/transformer__grid_a16_s256_user__vanilla__rep2.log,1.24.4,wil,3.8.10,x86_64,2026-09-21T18:57:56.131977+00:00
transformer__grid_a16_s256_user__optimized__rep2,main_grid,transformer,grid_a16_s256_user,optimized,2,16,256,USER,ws,0,10000000,20000000,40,1931.157,0,ok,False,80185817,81623135,54,/data/grizos/Scale-Sim-SPM/topologies/transformer/transformer_fwd.csv,/data/grizos/Scale-Sim-SPM/benchmarks/results/cfgs/transformer__grid_a16_s256_user__optimized__rep2.cfg,/data/grizos/Scale-Sim-SPM/benchmarks/results/runs/optimized/transformer__grid_a16_s256_user__optimized__rep2,/data/grizos/Scale-Sim-SPM/benchmarks/results/logs/optimized/transformer__grid_a16_s256_user__optimized__rep2.log,1.24.4,wil,3.8.10,x86_64,2026-09-21T19:30:09.537901+00:00
transformer__grid_a16_s256_user__vanilla__rep3,main_grid,transformer,grid_a16_s256_user,vanilla,3,16,256,USER,ws,0,10000000,20000000,40,4271.732,0,ok,False,80185817,81623135,54,/data/grizos/SCALE-Sim/topologies/transformer/transformer_fwd.csv,/data/grizos/Scale-Sim-SPM/benchmarks/results/cfgs/transformer__grid_a16_s256_user__vanilla__rep3.cfg,/data/grizos/Scale-Sim-SPM/benchmarks/results/runs/vanilla/transformer__grid_a16_s256_user__vanilla__rep3,/data/grizos/Scale-Sim-SPM/benchmarks/results/logs/vanilla/transformer__grid_a16_s256_user__vanilla__rep3.log,1.24.4,wil,3.8.10,x86_64,2026-09-21T20:41:23.495895+00:00
transformer__grid_a16_s256_user__optimized__rep3,main_grid,transformer,grid_a16_s256_user,optimized,3,16,256,USER,ws,0,10000000,20000000,40,1918.376,0,ok,False,80185817,81623135,54,/data/grizos/Scale-Sim-SPM/topologies/transformer/transformer_fwd.csv,/data/grizos/Scale-Sim-SPM/benchmarks/results/cfgs/transformer__grid_a16_s256_user__optimized__rep3.cfg,/data/grizos/Scale-Sim-SPM/benchmarks/results/runs/optimized/transformer__grid_a16_s256_user__optimized__rep3,/data/grizos/Scale-Sim-SPM/benchmarks/results/logs/optimized/transformer__grid_a16_s256_user__optimized__rep3.log,1.24.4,wil,3.8.10,x86_64,2026-09-21T21:13:24.197548+00:00
transformer__grid_a64_s16_calc__vanilla__rep1,main_grid,transformer,grid_a64_s16_calc,vanilla,1,64,16,CALC,ws,0,10000000,20000000,40,581.554,0,ok,False,2641156,2691477,54,/data/grizos/SCALE-Sim/topologies/transformer/transformer_fwd.csv,/data/grizos/Scale-Sim-SPM/benchmarks/results/cfgs/transformer__grid_a64_s16_calc__vanilla__rep1.cfg,/data/grizos/Scale-Sim-SPM/benchmarks/results/runs/vanilla/transformer__grid_a64_s16_calc__vanilla__rep1,/data/grizos/Scale-Sim-SPM/benchmarks/results/logs/vanilla/transformer__grid_a64_s16_calc__vanilla__rep1.log,1.24.4,wil,3.8.10,x86_64,2026-09-21T21:23:07.953308+00:00
transformer__grid_a64_s16_calc__optimized__rep1,main_grid,transformer,grid_a64_s16_calc,optimized,1,64,16,CALC,ws,0,10000000,20000000,40,320.507,0,ok,False,2641156,2691477,54,/data/grizos/Scale-Sim-SPM/topologies/transformer/transformer_fwd.csv,/data/grizos/Scale-Sim-SPM/benchmarks/results/cfgs/transformer__grid_a64_s16_calc__optimized__rep1.cfg,/data/grizos/Scale-Sim-SPM/benchmarks/results/runs/optimized/transformer__grid_a64_s16_calc__optimized__rep1,/data/grizos/Scale-Sim-SPM/benchmarks/results/logs/optimized/transformer__grid_a64_s16_calc__optimized__rep1.log,1.24.4,wil,3.8.10,x86_64,2026-09-21T21:28:28.999625+00:00
transformer__grid_a64_s16_calc__vanilla__rep2,main_grid,transformer,grid_a64_s16_calc,vanilla,2,64,16,CALC,ws,0,10000000,20000000,40,577.543,0,ok,False,2641156,2691477,54,/data/grizos/SCALE-Sim/topologies/transformer/transformer_fwd.csv,/data/grizos/Scale-Sim-SPM/benchmarks/results/cfgs/transformer__grid_a64_s16_calc__vanilla__rep2.cfg,/data/grizos/Scale-Sim-SPM/benchmarks/results/runs/vanilla/transformer__grid_a64_s16_calc__vanilla__rep2,/data/grizos/Scale-Sim-SPM/benchmarks/results/logs/vanilla/transformer__grid_a64_s16_calc__vanilla__rep2.log,1.24.4,wil,3.8.10,x86_64,2026-09-21T21:38:07.078051+00:00
transformer__grid_a64_s16_calc__optimized__rep2,main_grid,transformer,grid_a64_s16_calc,optimized,2,64,16,CALC,ws,0,10000000,20000000,40,321.363,0,ok,False,2641156,2691477,54,/data/grizos/Scale-Sim-SPM/topologies/transformer/transformer_fwd.csv,/data/grizos/Scale-Sim-SPM/benchmarks/results/cfgs/transformer__grid_a64_s16_calc__optimized__rep2.cfg,/data/grizos/Scale-Sim-SPM/benchmarks/results/runs/optimized/transformer__grid_a64_s16_calc__optimized__rep2,/data/grizos/Scale-Sim-SPM/benchmarks/results/logs/optimized/transformer__grid_a64_s16_calc__optimized__rep2.log,1.24.4,wil,3.8.10,x86_64,2026-09-21T21:43:28.960504+00:00
transformer__grid_a64_s16_calc__vanilla__rep3,main_grid,transformer,grid_a64_s16_calc,vanilla,3,64,16,CALC,ws,0,10000000,20000000,40,575.199,0,ok,False,2641156,2691477,54,/data/grizos/SCALE-Sim/topologies/transformer/transformer_fwd.csv,/data/grizos/Scale-Sim-SPM/benchmarks/results/cfgs/transformer__grid_a64_s16_calc__vanilla__rep3.cfg,/data/grizos/Scale-Sim-SPM/benchmarks/results/runs/vanilla/transformer__grid_a64_s16_calc__vanilla__rep3,/data/grizos/Scale-Sim-SPM/benchmarks/results/logs/vanilla/transformer__grid_a64_s16_calc__vanilla__rep3.log,1.24.4,wil,3.8.10,x86_64,2026-09-21T21:53:04.696340+00:00
transformer__grid_a64_s16_calc__optimized__rep3,main_grid,transformer,grid_a64_s16_calc,optimized,3,64,16,CALC,ws,0,10000000,20000000,40,323.841,0,ok,False,2641156,2691477,54,/data/grizos/Scale-Sim-SPM/topologies/transformer/transformer_fwd.csv,/data/grizos/Scale-Sim-SPM/benchmarks/results/cfgs/transformer__grid_a64_s16_calc__optimized__rep3.cfg,/data/grizos/Scale-Sim-SPM/benchmarks/results/runs/optimized/transformer__grid_a64_s16_calc__optimized__rep3,/data/grizos/Scale-Sim-SPM/benchmarks/results/logs/optimized/transformer__grid_a64_s16_calc__optimized__rep3.log,1.24.4,wil,3.8.10,x86_64,2026-09-21T21:58:29.090757+00:00
transformer__grid_a64_s16_user__vanilla__rep1,main_grid,transformer,grid_a64_s16_user,vanilla,1,64,16,USER,ws,0,10000000,20000000,40,5400.174,,timeout,True,,,,/data/grizos/SCALE-Sim/topologies/transformer/transformer_fwd.csv,/data/grizos/Scale-Sim-SPM/benchmarks/results/cfgs/transformer__grid_a64_s16_user__vanilla__rep1.cfg,/data/grizos/Scale-Sim-SPM/benchmarks/results/runs/vanilla/transformer__grid_a64_s16_user__vanilla__rep1,/data/grizos/Scale-Sim-SPM/benchmarks/results/logs/vanilla/transformer__grid_a64_s16_user__vanilla__rep1.log,1.24.4,wil,3.8.10,x86_64,2026-09-21T23:28:29.802907+00:00
transformer__grid_a64_s16_user__optimized__rep1,main_grid,transformer,grid_a64_s16_user,optimized,1,64,16,USER,ws,0,10000000,20000000,40,2503.133,0,ok,False,566697554,566811352,54,/data/grizos/Scale-Sim-SPM/topologies/transformer/transformer_fwd.csv,/data/grizos/Scale-Sim-SPM/benchmarks/results/cfgs/transformer__grid_a64_s16_user__optimized__rep1.cfg,/data/grizos/Scale-Sim-SPM/benchmarks/results/runs/optimized/transformer__grid_a64_s16_user__optimized__rep1,/data/grizos/Scale-Sim-SPM/benchmarks/results/logs/optimized/transformer__grid_a64_s16_user__optimized__rep1.log,1.24.4,wil,3.8.10,x86_64,2026-09-22T00:10:14.176212+00:00
transformer__grid_a64_s16_user__vanilla__rep2,main_grid,transformer,grid_a64_s16_user,vanilla,2,64,16,USER,ws,0,10000000,20000000,40,5400.24,,timeout,True,,,,/data/grizos/SCALE-Sim/topologies/transformer/transformer_fwd.csv,/data/grizos/Scale-Sim-SPM/benchmarks/results/cfgs/transformer__grid_a64_s16_user__vanilla__rep2.cfg,/data/grizos/Scale-Sim-SPM/benchmarks/results/runs/vanilla/transformer__grid_a64_s16_user__vanilla__rep2,/data/grizos/Scale-Sim-SPM/benchmarks/results/logs/vanilla/transformer__grid_a64_s16_user__vanilla__rep2.log,1.24.4,wil,3.8.10,x86_64,2026-09-22T01:40:20.953567+00:00
transformer__grid_a64_s16_user__optimized__rep2,main_grid,transformer,grid_a64_s16_user,optimized,2,64,16,USER,ws,0,10000000,20000000,40,2490.008,0,ok,False,566697554,566811352,54,/data/grizos/Scale-Sim-SPM/topologies/transformer/transformer_fwd.csv,/data/grizos/Scale-Sim-SPM/benchmarks/results/cfgs/transformer__grid_a64_s16_user__optimized__rep2.cfg,/data/grizos/Scale-Sim-SPM/benchmarks/results/runs/optimized/transformer__grid_a64_s16_user__optimized__rep2,/data/grizos/Scale-Sim-SPM/benchmarks/results/logs/optimized/transformer__grid_a64_s16_user__optimized__rep2.log,1.24.4,wil,3.8.10,x86_64,2026-09-22T02:21:52.207340+00:00
transformer__grid_a64_s16_user__vanilla__rep3,main_grid,transformer,grid_a64_s16_user,vanilla,3,64,16,USER,ws,0,10000000,20000000,40,5400.238,,timeout,True,,,,/data/grizos/SCALE-Sim/topologies/transformer/transformer_fwd.csv,/data/grizos/Scale-Sim-SPM/benchmarks/results/cfgs/transformer__grid_a64_s16_user__vanilla__rep3.cfg,/data/grizos/Scale-Sim-SPM/benchmarks/results/runs/vanilla/transformer__grid_a64_s16_user__vanilla__rep3,/data/grizos/Scale-Sim-SPM/benchmarks/results/logs/vanilla/transformer__grid_a64_s16_user__vanilla__rep3.log,1.24.4,wil,3.8.10,x86_64,2026-09-22T03:51:58.060606+00:00
transformer__grid_a64_s16_user__optimized__rep3,main_grid,transformer,grid_a64_s16_user,optimized,3,64,16,USER,ws,0,10000000,20000000,40,2486.972,0,ok,False,566697554,566811352,54,/data/grizos/Scale-Sim-SPM/topologies/transformer/transformer_fwd.csv,/data/grizos/Scale-Sim-SPM/benchmarks/results/cfgs/transformer__grid_a64_s16_user__optimized__rep3.cfg,/data/grizos/Scale-Sim-SPM/benchmarks/results/runs/optimized/transformer__grid_a64_s16_user__optimized__rep3,/data/grizos/Scale-Sim-SPM/benchmarks/results/logs/optimized/transformer__grid_a64_s16_user__optimized__rep3.log,1.24.4,wil,3.8.10,x86_64,2026-09-22T04:33:26.275230+00:00
transformer__grid_a64_s256_calc__vanilla__rep1,main_grid,transformer,grid_a64_s256_calc,vanilla,1,64,256,CALC,ws,0,10000000,20000000,40,485.505,0,ok,False,2641156,3418700,54,/data/grizos/SCALE-Sim/topologies/transformer/transformer_fwd.csv,/data/grizos/Scale-Sim-SPM/benchmarks/results/cfgs/transformer__grid_a64_s256_calc__vanilla__rep1.cfg,/data/grizos/Scale-Sim-SPM/benchmarks/results/runs/vanilla/transformer__grid_a64_s256_calc__vanilla__rep1,/data/grizos/Scale-Sim-SPM/benchmarks/results/logs/vanilla/transformer__grid_a64_s256_calc__vanilla__rep1.log,1.24.4,wil,3.8.10,x86_64,2026-09-22T04:41:38.348134+00:00
transformer__grid_a64_s256_calc__optimized__rep1,main_grid,transformer,grid_a64_s256_calc,optimized,1,64,256,CALC,ws,0,10000000,20000000,40,297.353,0,ok,False,2641156,3418700,54,/data/grizos/Scale-Sim-SPM/topologies/transformer/transformer_fwd.csv,/data/grizos/Scale-Sim-SPM/benchmarks/results/cfgs/transformer__grid_a64_s256_calc__optimized__rep1.cfg,/data/grizos/Scale-Sim-SPM/benchmarks/results/runs/optimized/transformer__grid_a64_s256_calc__optimized__rep1,/data/grizos/Scale-Sim-SPM/benchmarks/results/logs/optimized/transformer__grid_a64_s256_calc__optimized__rep1.log,1.24.4,wil,3.8.10,x86_64,2026-09-22T04:46:36.236351+00:00
transformer__grid_a64_s256_calc__vanilla__rep2,main_grid,transformer,grid_a64_s256_calc,vanilla,2,64,256,CALC,ws,0,10000000,20000000,40,476.061,0,ok,False,2641156,3418700,54,/data/grizos/SCALE-Sim/topologies/transformer/transformer_fwd.csv,/data/grizos/Scale-Sim-SPM/benchmarks/results/cfgs/transformer__grid_a64_s256_calc__vanilla__rep2.cfg,/data/grizos/Scale-Sim-SPM/benchmarks/results/runs/vanilla/transformer__grid_a64_s256_calc__vanilla__rep2,/data/grizos/Scale-Sim-SPM/benchmarks/results/logs/vanilla/transformer__grid_a64_s256_calc__vanilla__rep2.log,1.24.4,wil,3.8.10,x86_64,2026-09-22T04:54:32.854979+00:00
transformer__grid_a64_s256_calc__optimized__rep2,main_grid,transformer,grid_a64_s256_calc,optimized,2,64,256,CALC,ws,0,10000000,20000000,40,305.07,0,ok,False,2641156,3418700,54,/data/grizos/Scale-Sim-SPM/topologies/transformer/transformer_fwd.csv,/data/grizos/Scale-Sim-SPM/benchmarks/results/cfgs/transformer__grid_a64_s256_calc__optimized__rep2.cfg,/data/grizos/Scale-Sim-SPM/benchmarks/results/runs/optimized/transformer__grid_a64_s256_calc__optimized__rep2,/data/grizos/Scale-Sim-SPM/benchmarks/results/logs/optimized/transformer__grid_a64_s256_calc__optimized__rep2.log,1.24.4,wil,3.8.10,x86_64,2026-09-22T04:59:38.476181+00:00
transformer__grid_a64_s256_calc__vanilla__rep3,main_grid,transformer,grid_a64_s256_calc,vanilla,3,64,256,CALC,ws,0,10000000,20000000,40,485.06,0,ok,False,2641156,3418700,54,/data/grizos/SCALE-Sim/topologies/transformer/transformer_fwd.csv,/data/grizos/Scale-Sim-SPM/benchmarks/results/cfgs/transformer__grid_a64_s256_calc__vanilla__rep3.cfg,/data/grizos/Scale-Sim-SPM/benchmarks/results/runs/vanilla/transformer__grid_a64_s256_calc__vanilla__rep3,/data/grizos/Scale-Sim-SPM/benchmarks/results/logs/vanilla/transformer__grid_a64_s256_calc__vanilla__rep3.log,1.24.4,wil,3.8.10,x86_64,2026-09-22T05:07:44.070364+00:00
transformer__grid_a64_s256_calc__optimized__rep3,main_grid,transformer,grid_a64_s256_calc,optimized,3,64,256,CALC,ws,0,10000000,20000000,40,303.897,0,ok,False,2641156,3418700,54,/data/grizos/Scale-Sim-SPM/topologies/transformer/transformer_fwd.csv,/data/grizos/Scale-Sim-SPM/benchmarks/results/cfgs/transformer__grid_a64_s256_calc__optimized__rep3.cfg,/data/grizos/Scale-Sim-SPM/benchmarks/results/runs/optimized/transformer__grid_a64_s256_calc__optimized__rep3,/data/grizos/Scale-Sim-SPM/benchmarks/results/logs/optimized/transformer__grid_a64_s256_calc__optimized__rep3.log,1.24.4,wil,3.8.10,x86_64,2026-09-22T05:12:48.523066+00:00
transformer__grid_a64_s256_user__vanilla__rep1,main_grid,transformer,grid_a64_s256_user,vanilla,1,64,256,USER,ws,0,10000000,20000000,40,1099.246,0,ok,False,55333153,56906356,54,/data/grizos/SCALE-Sim/topologies/transformer/transformer_fwd.csv,/data/grizos/Scale-Sim-SPM/benchmarks/results/cfgs/transformer__grid_a64_s256_user__vanilla__rep1.cfg,/data/grizos/Scale-Sim-SPM/benchmarks/results/runs/vanilla/transformer__grid_a64_s256_user__vanilla__rep1,/data/grizos/Scale-Sim-SPM/benchmarks/results/logs/vanilla/transformer__grid_a64_s256_user__vanilla__rep1.log,1.24.4,wil,3.8.10,x86_64,2026-09-22T05:31:08.306830+00:00
transformer__grid_a64_s256_user__optimized__rep1,main_grid,transformer,grid_a64_s256_user,optimized,1,64,256,USER,ws,0,10000000,20000000,40,587.958,0,ok,False,55333153,56906356,54,/data/grizos/Scale-Sim-SPM/topologies/transformer/transformer_fwd.csv,/data/grizos/Scale-Sim-SPM/benchmarks/results/cfgs/transformer__grid_a64_s256_user__optimized__rep1.cfg,/data/grizos/Scale-Sim-SPM/benchmarks/results/runs/optimized/transformer__grid_a64_s256_user__optimized__rep1,/data/grizos/Scale-Sim-SPM/benchmarks/results/logs/optimized/transformer__grid_a64_s256_user__optimized__rep1.log,1.24.4,wil,3.8.10,x86_64,2026-09-22T05:40:57.551931+00:00
transformer__grid_a64_s256_user__vanilla__rep2,main_grid,transformer,grid_a64_s256_user,vanilla,2,64,256,USER,ws,0,10000000,20000000,40,1093.878,0,ok,False,55333153,56906356,54,/data/grizos/SCALE-Sim/topologies/transformer/transformer_fwd.csv,/data/grizos/Scale-Sim-SPM/benchmarks/results/cfgs/transformer__grid_a64_s256_user__vanilla__rep2.cfg,/data/grizos/Scale-Sim-SPM/benchmarks/results/runs/vanilla/transformer__grid_a64_s256_user__vanilla__rep2,/data/grizos/Scale-Sim-SPM/benchmarks/results/logs/vanilla/transformer__grid_a64_s256_user__vanilla__rep2.log,1.24.4,wil,3.8.10,x86_64,2026-09-22T05:59:12.632086+00:00
transformer__grid_a64_s256_user__optimized__rep2,main_grid,transformer,grid_a64_s256_user,optimized,2,64,256,USER,ws,0,10000000,20000000,40,583.477,0,ok,False,55333153,56906356,54,/data/grizos/Scale-Sim-SPM/topologies/transformer/transformer_fwd.csv,/data/grizos/Scale-Sim-SPM/benchmarks/results/cfgs/transformer__grid_a64_s256_user__optimized__rep2.cfg,/data/grizos/Scale-Sim-SPM/benchmarks/results/runs/optimized/transformer__grid_a64_s256_user__optimized__rep2,/data/grizos/Scale-Sim-SPM/benchmarks/results/logs/optimized/transformer__grid_a64_s256_user__optimized__rep2.log,1.24.4,wil,3.8.10,x86_64,2026-09-22T06:08:57.378571+00:00
transformer__grid_a64_s256_user__vanilla__rep3,main_grid,transformer,grid_a64_s256_user,vanilla,3,64,256,USER,ws,0,10000000,20000000,40,1082.184,0,ok,False,55333153,56906356,54,/data/grizos/SCALE-Sim/topologies/transformer/transformer_fwd.csv,/data/grizos/Scale-Sim-SPM/benchmarks/results/cfgs/transformer__grid_a64_s256_user__vanilla__rep3.cfg,/data/grizos/Scale-Sim-SPM/benchmarks/results/runs/vanilla/transformer__grid_a64_s256_user__vanilla__rep3,/data/grizos/Scale-Sim-SPM/benchmarks/results/logs/vanilla/transformer__grid_a64_s256_user__vanilla__rep3.log,1.24.4,wil,3.8.10,x86_64,2026-09-22T06:27:00.817482+00:00
transformer__grid_a64_s256_user__optimized__rep3,main_grid,transformer,grid_a64_s256_user,optimized,3,64,256,USER,ws,0,10000000,20000000,40,600.424,0,ok,False,55333153,56906356,54,/data/grizos/Scale-Sim-SPM/topologies/transformer/transformer_fwd.csv,/data/grizos/Scale-Sim-SPM/benchmarks/results/cfgs/transformer__grid_a64_s256_user__optimized__rep3.cfg,/data/grizos/Scale-Sim-SPM/benchmarks/results/runs/optimized/transformer__grid_a64_s256_user__optimized__rep3,/data/grizos/Scale-Sim-SPM/benchmarks/results/logs/optimized/transformer__grid_a64_s256_user__optimized__rep3.log,1.24.4,wil,3.8.10,x86_64,2026-09-22T06:37:02.462102+00:00
transformer__ctrl_offset_shift__vanilla__rep1,main_grid,transformer,ctrl_offset_shift,vanilla,1,32,64,CALC,ws,5000000,15000000,25000000,40,1116.798,0,ok,False,8073774,8301608,54,/data/grizos/SCALE-Sim/topologies/transformer/transformer_fwd.csv,/data/grizos/Scale-Sim-SPM/benchmarks/results/cfgs/transformer__ctrl_offset_shift__vanilla__rep1.cfg,/data/grizos/Scale-Sim-SPM/benchmarks/results/runs/vanilla/transformer__ctrl_offset_shift__vanilla__rep1,/data/grizos/Scale-Sim-SPM/benchmarks/results/logs/vanilla/transformer__ctrl_offset_shift__vanilla__rep1.log,1.24.4,wil,3.8.10,x86_64,2026-09-22T06:55:40.659919+00:00
transformer__ctrl_offset_shift__optimized__rep1,main_grid,transformer,ctrl_offset_shift,optimized,1,32,64,CALC,ws,5000000,15000000,25000000,40,644.651,0,ok,False,8073774,8301608,54,/data/grizos/Scale-Sim-SPM/topologies/transformer/transformer_fwd.csv,/data/grizos/Scale-Sim-SPM/benchmarks/results/cfgs/transformer__ctrl_offset_shift__optimized__rep1.cfg,/data/grizos/Scale-Sim-SPM/benchmarks/results/runs/optimized/transformer__ctrl_offset_shift__optimized__rep1,/data/grizos/Scale-Sim-SPM/benchmarks/results/logs/optimized/transformer__ctrl_offset_shift__optimized__rep1.log,1.24.4,wil,3.8.10,x86_64,2026-09-22T07:06:26.330681+00:00
transformer__ctrl_offset_shift__vanilla__rep2,main_grid,transformer,ctrl_offset_shift,vanilla,2,32,64,CALC,ws,5000000,15000000,25000000,40,1117.082,0,ok,False,8073774,8301608,54,/data/grizos/SCALE-Sim/topologies/transformer/transformer_fwd.csv,/data/grizos/Scale-Sim-SPM/benchmarks/results/cfgs/transformer__ctrl_offset_shift__vanilla__rep2.cfg,/data/grizos/Scale-Sim-SPM/benchmarks/results/runs/vanilla/transformer__ctrl_offset_shift__vanilla__rep2,/data/grizos/Scale-Sim-SPM/benchmarks/results/logs/vanilla/transformer__ctrl_offset_shift__vanilla__rep2.log,1.24.4,wil,3.8.10,x86_64,2026-09-22T07:25:04.446889+00:00
transformer__ctrl_offset_shift__optimized__rep2,main_grid,transformer,ctrl_offset_shift,optimized,2,32,64,CALC,ws,5000000,15000000,25000000,40,646.771,0,ok,False,8073774,8301608,54,/data/grizos/Scale-Sim-SPM/topologies/transformer/transformer_fwd.csv,/data/grizos/Scale-Sim-SPM/benchmarks/results/cfgs/transformer__ctrl_offset_shift__optimized__rep2.cfg,/data/grizos/Scale-Sim-SPM/benchmarks/results/runs/optimized/transformer__ctrl_offset_shift__optimized__rep2,/data/grizos/Scale-Sim-SPM/benchmarks/results/logs/optimized/transformer__ctrl_offset_shift__optimized__rep2.log,1.24.4,wil,3.8.10,x86_64,2026-09-22T07:35:52.172954+00:00
transformer__ctrl_offset_shift__vanilla__rep3,main_grid,transformer,ctrl_offset_shift,vanilla,3,32,64,CALC,ws,5000000,15000000,25000000,40,1127.35,0,ok,False,8073774,8301608,54,/data/grizos/SCALE-Sim/topologies/transformer/transformer_fwd.csv,/data/grizos/Scale-Sim-SPM/benchmarks/results/cfgs/transformer__ctrl_offset_shift__vanilla__rep3.cfg,/data/grizos/Scale-Sim-SPM/benchmarks/results/runs/vanilla/transformer__ctrl_offset_shift__vanilla__rep3,/data/grizos/Scale-Sim-SPM/benchmarks/results/logs/vanilla/transformer__ctrl_offset_shift__vanilla__rep3.log,1.24.4,wil,3.8.10,x86_64,2026-09-22T07:54:40.491951+00:00
transformer__ctrl_offset_shift__optimized__rep3,main_grid,transformer,ctrl_offset_shift,optimized,3,32,64,CALC,ws,5000000,15000000,25000000,40,647.631,0,ok,False,8073774,8301608,54,/data/grizos/Scale-Sim-SPM/topologies/transformer/transformer_fwd.csv,/data/grizos/Scale-Sim-SPM/benchmarks/results/cfgs/transformer__ctrl_offset_shift__optimized__rep3.cfg,/data/grizos/Scale-Sim-SPM/benchmarks/results/runs/optimized/transformer__ctrl_offset_shift__optimized__rep3,/data/grizos/Scale-Sim-SPM/benchmarks/results/logs/optimized/transformer__ctrl_offset_shift__optimized__rep3.log,1.24.4,wil,3.8.10,x86_64,2026-09-22T08:05:29.083116+00:00
transformer__ctrl_seed_alt__vanilla__rep1,main_grid,transformer,ctrl_seed_alt,vanilla,1,32,64,CALC,ws,0,10000000,20000000,777,1103.939,0,ok,False,8073774,8301608,54,/data/grizos/SCALE-Sim/topologies/transformer/transformer_fwd.csv,/data/grizos/Scale-Sim-SPM/benchmarks/results/cfgs/transformer__ctrl_seed_alt__vanilla__rep1.cfg,/data/grizos/Scale-Sim-SPM/benchmarks/results/runs/vanilla/transformer__ctrl_seed_alt__vanilla__rep1,/data/grizos/Scale-Sim-SPM/benchmarks/results/logs/vanilla/transformer__ctrl_seed_alt__vanilla__rep1.log,1.24.4,wil,3.8.10,x86_64,2026-09-22T08:23:54.021702+00:00
transformer__ctrl_seed_alt__optimized__rep1,main_grid,transformer,ctrl_seed_alt,optimized,1,32,64,CALC,ws,0,10000000,20000000,777,656.312,0,ok,False,8073774,8301608,54,/data/grizos/Scale-Sim-SPM/topologies/transformer/transformer_fwd.csv,/data/grizos/Scale-Sim-SPM/benchmarks/results/cfgs/transformer__ctrl_seed_alt__optimized__rep1.cfg,/data/grizos/Scale-Sim-SPM/benchmarks/results/runs/optimized/transformer__ctrl_seed_alt__optimized__rep1,/data/grizos/Scale-Sim-SPM/benchmarks/results/logs/optimized/transformer__ctrl_seed_alt__optimized__rep1.log,1.24.4,wil,3.8.10,x86_64,2026-09-22T08:34:51.232652+00:00
transformer__ctrl_seed_alt__vanilla__rep2,main_grid,transformer,ctrl_seed_alt,vanilla,2,32,64,CALC,ws,0,10000000,20000000,777,1088.499,0,ok,False,8073774,8301608,54,/data/grizos/SCALE-Sim/topologies/transformer/transformer_fwd.csv,/data/grizos/Scale-Sim-SPM/benchmarks/results/cfgs/transformer__ctrl_seed_alt__vanilla__rep2.cfg,/data/grizos/Scale-Sim-SPM/benchmarks/results/runs/vanilla/transformer__ctrl_seed_alt__vanilla__rep2,/data/grizos/Scale-Sim-SPM/benchmarks/results/logs/vanilla/transformer__ctrl_seed_alt__vanilla__rep2.log,1.24.4,wil,3.8.10,x86_64,2026-09-22T08:53:00.629622+00:00
transformer__ctrl_seed_alt__optimized__rep2,main_grid,transformer,ctrl_seed_alt,optimized,2,32,64,CALC,ws,0,10000000,20000000,777,647.03,0,ok,False,8073774,8301608,54,/data/grizos/Scale-Sim-SPM/topologies/transformer/transformer_fwd.csv,/data/grizos/Scale-Sim-SPM/benchmarks/results/cfgs/transformer__ctrl_seed_alt__optimized__rep2.cfg,/data/grizos/Scale-Sim-SPM/benchmarks/results/runs/optimized/transformer__ctrl_seed_alt__optimized__rep2,/data/grizos/Scale-Sim-SPM/benchmarks/results/logs/optimized/transformer__ctrl_seed_alt__optimized__rep2.log,1.24.4,wil,3.8.10,x86_64,2026-09-22T09:03:48.559134+00:00
transformer__ctrl_seed_alt__vanilla__rep3,main_grid,transformer,ctrl_seed_alt,vanilla,3,32,64,CALC,ws,0,10000000,20000000,777,1116.372,0,ok,False,8073774,8301608,54,/data/grizos/SCALE-Sim/topologies/transformer/transformer_fwd.csv,/data/grizos/Scale-Sim-SPM/benchmarks/results/cfgs/transformer__ctrl_seed_alt__vanilla__rep3.cfg,/data/grizos/Scale-Sim-SPM/benchmarks/results/runs/vanilla/transformer__ctrl_seed_alt__vanilla__rep3,/data/grizos/Scale-Sim-SPM/benchmarks/results/logs/vanilla/transformer__ctrl_seed_alt__vanilla__rep3.log,1.24.4,wil,3.8.10,x86_64,2026-09-22T09:22:25.843489+00:00
transformer__ctrl_seed_alt__optimized__rep3,main_grid,transformer,ctrl_seed_alt,optimized,3,32,64,CALC,ws,0,10000000,20000000,777,654.203,0,ok,False,8073774,8301608,54,/data/grizos/Scale-Sim-SPM/topologies/transformer/transformer_fwd.csv,/data/grizos/Scale-Sim-SPM/benchmarks/results/cfgs/transformer__ctrl_seed_alt__optimized__rep3.cfg,/data/grizos/Scale-Sim-SPM/benchmarks/results/runs/optimized/transformer__ctrl_seed_alt__optimized__rep3,/data/grizos/Scale-Sim-SPM/benchmarks/results/logs/optimized/transformer__ctrl_seed_alt__optimized__rep3.log,1.24.4,wil,3.8.10,x86_64,2026-09-22T09:33:20.986651+00:00
alexnet__anchor_dfos__vanilla__rep1,dataflow_addendum,alexnet,anchor_dfos,vanilla,1,32,64,CALC,os,0,10000000,20000000,40,146.118,0,ok,False,850960,870177,5,/data/grizos/SCALE-Sim/topologies/conv_nets/alexnet.csv,/data/grizos/Scale-Sim-SPM/benchmarks/results/cfgs/alexnet__anchor_dfos__vanilla__rep1.cfg,/data/grizos/Scale-Sim-SPM/benchmarks/results/runs/vanilla/alexnet__anchor_dfos__vanilla__rep1,/data/grizos/Scale-Sim-SPM/benchmarks/results/logs/vanilla/alexnet__anchor_dfos__vanilla__rep1.log,1.24.4,wil,3.8.10,x86_64,2026-09-22T09:35:47.871600+00:00
alexnet__anchor_dfos__optimized__rep1,dataflow_addendum,alexnet,anchor_dfos,optimized,1,32,64,CALC,os,0,10000000,20000000,40,68.153,0,ok,False,850960,870177,5,/data/grizos/Scale-Sim-SPM/topologies/conv_nets/alexnet.csv,/data/grizos/Scale-Sim-SPM/benchmarks/results/cfgs/alexnet__anchor_dfos__optimized__rep1.cfg,/data/grizos/Scale-Sim-SPM/benchmarks/results/runs/optimized/alexnet__anchor_dfos__optimized__rep1,/data/grizos/Scale-Sim-SPM/benchmarks/results/logs/optimized/alexnet__anchor_dfos__optimized__rep1.log,1.24.4,wil,3.8.10,x86_64,2026-09-22T09:36:56.128290+00:00
alexnet__anchor_dfos__vanilla__rep2,dataflow_addendum,alexnet,anchor_dfos,vanilla,2,32,64,CALC,os,0,10000000,20000000,40,146.653,0,ok,False,850960,870177,5,/data/grizos/SCALE-Sim/topologies/conv_nets/alexnet.csv,/data/grizos/Scale-Sim-SPM/benchmarks/results/cfgs/alexnet__anchor_dfos__vanilla__rep2.cfg,/data/grizos/Scale-Sim-SPM/benchmarks/results/runs/vanilla/alexnet__anchor_dfos__vanilla__rep2,/data/grizos/Scale-Sim-SPM/benchmarks/results/logs/vanilla/alexnet__anchor_dfos__vanilla__rep2.log,1.24.4,wil,3.8.10,x86_64,2026-09-22T09:39:22.887121+00:00
alexnet__anchor_dfos__optimized__rep2,dataflow_addendum,alexnet,anchor_dfos,optimized,2,32,64,CALC,os,0,10000000,20000000,40,68.554,0,ok,False,850960,870177,5,/data/grizos/Scale-Sim-SPM/topologies/conv_nets/alexnet.csv,/data/grizos/Scale-Sim-SPM/benchmarks/results/cfgs/alexnet__anchor_dfos__optimized__rep2.cfg,/data/grizos/Scale-Sim-SPM/benchmarks/results/runs/optimized/alexnet__anchor_dfos__optimized__rep2,/data/grizos/Scale-Sim-SPM/benchmarks/results/logs/optimized/alexnet__anchor_dfos__optimized__rep2.log,1.24.4,wil,3.8.10,x86_64,2026-09-22T09:40:31.543278+00:00
alexnet__anchor_dfos__vanilla__rep3,dataflow_addendum,alexnet,anchor_dfos,vanilla,3,32,64,CALC,os,0,10000000,20000000,40,149.321,0,ok,False,850960,870177,5,/data/grizos/SCALE-Sim/topologies/conv_nets/alexnet.csv,/data/grizos/Scale-Sim-SPM/benchmarks/results/cfgs/alexnet__anchor_dfos__vanilla__rep3.cfg,/data/grizos/Scale-Sim-SPM/benchmarks/results/runs/vanilla/alexnet__anchor_dfos__vanilla__rep3,/data/grizos/Scale-Sim-SPM/benchmarks/results/logs/vanilla/alexnet__anchor_dfos__vanilla__rep3.log,1.24.4,wil,3.8.10,x86_64,2026-09-22T09:43:00.969076+00:00
alexnet__anchor_dfos__optimized__rep3,dataflow_addendum,alexnet,anchor_dfos,optimized,3,32,64,CALC,os,0,10000000,20000000,40,69.47,0,ok,False,850960,870177,5,/data/grizos/Scale-Sim-SPM/topologies/conv_nets/alexnet.csv,/data/grizos/Scale-Sim-SPM/benchmarks/results/cfgs/alexnet__anchor_dfos__optimized__rep3.cfg,/data/grizos/Scale-Sim-SPM/benchmarks/results/runs/optimized/alexnet__anchor_dfos__optimized__rep3,/data/grizos/Scale-Sim-SPM/benchmarks/results/logs/optimized/alexnet__anchor_dfos__optimized__rep3.log,1.24.4,wil,3.8.10,x86_64,2026-09-22T09:44:10.544924+00:00
alexnet__anchor_dfis__vanilla__rep1,dataflow_addendum,alexnet,anchor_dfis,vanilla,1,32,64,CALC,is,0,10000000,20000000,40,232.026,0,ok,False,1158205,1178504,5,/data/grizos/SCALE-Sim/topologies/conv_nets/alexnet.csv,/data/grizos/Scale-Sim-SPM/benchmarks/results/cfgs/alexnet__anchor_dfis__vanilla__rep1.cfg,/data/grizos/Scale-Sim-SPM/benchmarks/results/runs/vanilla/alexnet__anchor_dfis__vanilla__rep1,/data/grizos/Scale-Sim-SPM/benchmarks/results/logs/vanilla/alexnet__anchor_dfis__vanilla__rep1.log,1.24.4,wil,3.8.10,x86_64,2026-09-22T09:48:02.674904+00:00
alexnet__anchor_dfis__optimized__rep1,dataflow_addendum,alexnet,anchor_dfis,optimized,1,32,64,CALC,is,0,10000000,20000000,40,157.819,0,ok,False,1158205,1178504,5,/data/grizos/Scale-Sim-SPM/topologies/conv_nets/alexnet.csv,/data/grizos/Scale-Sim-SPM/benchmarks/results/cfgs/alexnet__anchor_dfis__optimized__rep1.cfg,/data/grizos/Scale-Sim-SPM/benchmarks/results/runs/optimized/alexnet__anchor_dfis__optimized__rep1,/data/grizos/Scale-Sim-SPM/benchmarks/results/logs/optimized/alexnet__anchor_dfis__optimized__rep1.log,1.24.4,wil,3.8.10,x86_64,2026-09-22T09:50:40.649581+00:00
alexnet__anchor_dfis__vanilla__rep2,dataflow_addendum,alexnet,anchor_dfis,vanilla,2,32,64,CALC,is,0,10000000,20000000,40,229.008,0,ok,False,1158205,1178504,5,/data/grizos/SCALE-Sim/topologies/conv_nets/alexnet.csv,/data/grizos/Scale-Sim-SPM/benchmarks/results/cfgs/alexnet__anchor_dfis__vanilla__rep2.cfg,/data/grizos/Scale-Sim-SPM/benchmarks/results/runs/vanilla/alexnet__anchor_dfis__vanilla__rep2,/data/grizos/Scale-Sim-SPM/benchmarks/results/logs/vanilla/alexnet__anchor_dfis__vanilla__rep2.log,1.24.4,wil,3.8.10,x86_64,2026-09-22T09:54:29.812118+00:00
alexnet__anchor_dfis__optimized__rep2,dataflow_addendum,alexnet,anchor_dfis,optimized,2,32,64,CALC,is,0,10000000,20000000,40,154.8,0,ok,False,1158205,1178504,5,/data/grizos/Scale-Sim-SPM/topologies/conv_nets/alexnet.csv,/data/grizos/Scale-Sim-SPM/benchmarks/results/cfgs/alexnet__anchor_dfis__optimized__rep2.cfg,/data/grizos/Scale-Sim-SPM/benchmarks/results/runs/optimized/alexnet__anchor_dfis__optimized__rep2,/data/grizos/Scale-Sim-SPM/benchmarks/results/logs/optimized/alexnet__anchor_dfis__optimized__rep2.log,1.24.4,wil,3.8.10,x86_64,2026-09-22T09:57:04.767634+00:00
alexnet__anchor_dfis__vanilla__rep3,dataflow_addendum,alexnet,anchor_dfis,vanilla,3,32,64,CALC,is,0,10000000,20000000,40,233.427,0,ok,False,1158205,1178504,5,/data/grizos/SCALE-Sim/topologies/conv_nets/alexnet.csv,/data/grizos/Scale-Sim-SPM/benchmarks/results/cfgs/alexnet__anchor_dfis__vanilla__rep3.cfg,/data/grizos/Scale-Sim-SPM/benchmarks/results/runs/vanilla/alexnet__anchor_dfis__vanilla__rep3,/data/grizos/Scale-Sim-SPM/benchmarks/results/logs/vanilla/alexnet__anchor_dfis__vanilla__rep3.log,1.24.4,wil,3.8.10,x86_64,2026-09-22T10:00:58.350345+00:00
alexnet__anchor_dfis__optimized__rep3,dataflow_addendum,alexnet,anchor_dfis,optimized,3,32,64,CALC,is,0,10000000,20000000,40,159.08,0,ok,False,1158205,1178504,5,/data/grizos/Scale-Sim-SPM/topologies/conv_nets/alexnet.csv,/data/grizos/Scale-Sim-SPM/benchmarks/results/cfgs/alexnet__anchor_dfis__optimized__rep3.cfg,/data/grizos/Scale-Sim-SPM/benchmarks/results/runs/optimized/alexnet__anchor_dfis__optimized__rep3,/data/grizos/Scale-Sim-SPM/benchmarks/results/logs/optimized/alexnet__anchor_dfis__optimized__rep3.log,1.24.4,wil,3.8.10,x86_64,2026-09-22T10:03:37.583985+00:00
mobilenet__anchor_dfos__vanilla__rep1,dataflow_addendum,mobilenet,anchor_dfos,vanilla,1,32,64,CALC,os,0,10000000,20000000,40,168.069,0,ok,False,1338519,1431052,27,/data/grizos/SCALE-Sim/topologies/conv_nets/mobilenet.csv,/data/grizos/Scale-Sim-SPM/benchmarks/results/cfgs/mobilenet__anchor_dfos__vanilla__rep1.cfg,/data/grizos/Scale-Sim-SPM/benchmarks/results/runs/vanilla/mobilenet__anchor_dfos__vanilla__rep1,/data/grizos/Scale-Sim-SPM/benchmarks/results/logs/vanilla/mobilenet__anchor_dfos__vanilla__rep1.log,1.24.4,wil,3.8.10,x86_64,2026-09-22T10:06:25.808269+00:00
mobilenet__anchor_dfos__optimized__rep1,dataflow_addendum,mobilenet,anchor_dfos,optimized,1,32,64,CALC,os,0,10000000,20000000,40,93.765,0,ok,False,1338519,1431052,27,/data/grizos/Scale-Sim-SPM/topologies/conv_nets/mobilenet.csv,/data/grizos/Scale-Sim-SPM/benchmarks/results/cfgs/mobilenet__anchor_dfos__optimized__rep1.cfg,/data/grizos/Scale-Sim-SPM/benchmarks/results/runs/optimized/mobilenet__anchor_dfos__optimized__rep1,/data/grizos/Scale-Sim-SPM/benchmarks/results/logs/optimized/mobilenet__anchor_dfos__optimized__rep1.log,1.24.4,wil,3.8.10,x86_64,2026-09-22T10:07:59.695344+00:00
mobilenet__anchor_dfos__vanilla__rep2,dataflow_addendum,mobilenet,anchor_dfos,vanilla,2,32,64,CALC,os,0,10000000,20000000,40,175.41,0,ok,False,1338519,1431052,27,/data/grizos/SCALE-Sim/topologies/conv_nets/mobilenet.csv,/data/grizos/Scale-Sim-SPM/benchmarks/results/cfgs/mobilenet__anchor_dfos__vanilla__rep2.cfg,/data/grizos/Scale-Sim-SPM/benchmarks/results/runs/vanilla/mobilenet__anchor_dfos__vanilla__rep2,/data/grizos/Scale-Sim-SPM/benchmarks/results/logs/vanilla/mobilenet__anchor_dfos__vanilla__rep2.log,1.24.4,wil,3.8.10,x86_64,2026-09-22T10:10:55.227277+00:00
mobilenet__anchor_dfos__optimized__rep2,dataflow_addendum,mobilenet,anchor_dfos,optimized,2,32,64,CALC,os,0,10000000,20000000,40,92.365,0,ok,False,1338519,1431052,27,/data/grizos/Scale-Sim-SPM/topologies/conv_nets/mobilenet.csv,/data/grizos/Scale-Sim-SPM/benchmarks/results/cfgs/mobilenet__anchor_dfos__optimized__rep2.cfg,/data/grizos/Scale-Sim-SPM/benchmarks/results/runs/optimized/mobilenet__anchor_dfos__optimized__rep2,/data/grizos/Scale-Sim-SPM/benchmarks/results/logs/optimized/mobilenet__anchor_dfos__optimized__rep2.log,1.24.4,wil,3.8.10,x86_64,2026-09-22T10:12:27.713162+00:00
mobilenet__anchor_dfos__vanilla__rep3,dataflow_addendum,mobilenet,anchor_dfos,vanilla,3,32,64,CALC,os,0,10000000,20000000,40,165.819,0,ok,False,1338519,1431052,27,/data/grizos/SCALE-Sim/topologies/conv_nets/mobilenet.csv,/data/grizos/Scale-Sim-SPM/benchmarks/results/cfgs/mobilenet__anchor_dfos__vanilla__rep3.cfg,/data/grizos/Scale-Sim-SPM/benchmarks/results/runs/vanilla/mobilenet__anchor_dfos__vanilla__rep3,/data/grizos/Scale-Sim-SPM/benchmarks/results/logs/vanilla/mobilenet__anchor_dfos__vanilla__rep3.log,1.24.4,wil,3.8.10,x86_64,2026-09-22T10:15:13.653462+00:00
mobilenet__anchor_dfos__optimized__rep3,dataflow_addendum,mobilenet,anchor_dfos,optimized,3,32,64,CALC,os,0,10000000,20000000,40,94.61,0,ok,False,1338519,1431052,27,/data/grizos/Scale-Sim-SPM/topologies/conv_nets/mobilenet.csv,/data/grizos/Scale-Sim-SPM/benchmarks/results/cfgs/mobilenet__anchor_dfos__optimized__rep3.cfg,/data/grizos/Scale-Sim-SPM/benchmarks/results/runs/optimized/mobilenet__anchor_dfos__optimized__rep3,/data/grizos/Scale-Sim-SPM/benchmarks/results/logs/optimized/mobilenet__anchor_dfos__optimized__rep3.log,1.24.4,wil,3.8.10,x86_64,2026-09-22T10:16:48.387010+00:00
mobilenet__anchor_dfis__vanilla__rep1,dataflow_addendum,mobilenet,anchor_dfis,vanilla,1,32,64,CALC,is,0,10000000,20000000,40,367.464,0,ok,False,2314306,2420336,27,/data/grizos/SCALE-Sim/topologies/conv_nets/mobilenet.csv,/data/grizos/Scale-Sim-SPM/benchmarks/results/cfgs/mobilenet__anchor_dfis__vanilla__rep1.cfg,/data/grizos/Scale-Sim-SPM/benchmarks/results/runs/vanilla/mobilenet__anchor_dfis__vanilla__rep1,/data/grizos/Scale-Sim-SPM/benchmarks/results/logs/vanilla/mobilenet__anchor_dfis__vanilla__rep1.log,1.24.4,wil,3.8.10,x86_64,2026-09-22T10:22:55.972788+00:00
mobilenet__anchor_dfis__optimized__rep1,dataflow_addendum,mobilenet,anchor_dfis,optimized,1,32,64,CALC,is,0,10000000,20000000,40,299.849,0,ok,False,2314306,2420336,27,/data/grizos/Scale-Sim-SPM/topologies/conv_nets/mobilenet.csv,/data/grizos/Scale-Sim-SPM/benchmarks/results/cfgs/mobilenet__anchor_dfis__optimized__rep1.cfg,/data/grizos/Scale-Sim-SPM/benchmarks/results/runs/optimized/mobilenet__anchor_dfis__optimized__rep1,/data/grizos/Scale-Sim-SPM/benchmarks/results/logs/optimized/mobilenet__anchor_dfis__optimized__rep1.log,1.24.4,wil,3.8.10,x86_64,2026-09-22T10:27:56.001720+00:00
mobilenet__anchor_dfis__vanilla__rep2,dataflow_addendum,mobilenet,anchor_dfis,vanilla,2,32,64,CALC,is,0,10000000,20000000,40,367.172,0,ok,False,2314306,2420336,27,/data/grizos/SCALE-Sim/topologies/conv_nets/mobilenet.csv,/data/grizos/Scale-Sim-SPM/benchmarks/results/cfgs/mobilenet__anchor_dfis__vanilla__rep2.cfg,/data/grizos/Scale-Sim-SPM/benchmarks/results/runs/vanilla/mobilenet__anchor_dfis__vanilla__rep2,/data/grizos/Scale-Sim-SPM/benchmarks/results/logs/vanilla/mobilenet__anchor_dfis__vanilla__rep2.log,1.24.4,wil,3.8.10,x86_64,2026-09-22T10:34:03.349503+00:00
mobilenet__anchor_dfis__optimized__rep2,dataflow_addendum,mobilenet,anchor_dfis,optimized,2,32,64,CALC,is,0,10000000,20000000,40,302.414,0,ok,False,2314306,2420336,27,/data/grizos/Scale-Sim-SPM/topologies/conv_nets/mobilenet.csv,/data/grizos/Scale-Sim-SPM/benchmarks/results/cfgs/mobilenet__anchor_dfis__optimized__rep2.cfg,/data/grizos/Scale-Sim-SPM/benchmarks/results/runs/optimized/mobilenet__anchor_dfis__optimized__rep2,/data/grizos/Scale-Sim-SPM/benchmarks/results/logs/optimized/mobilenet__anchor_dfis__optimized__rep2.log,1.24.4,wil,3.8.10,x86_64,2026-09-22T10:39:05.941517+00:00
mobilenet__anchor_dfis__vanilla__rep3,dataflow_addendum,mobilenet,anchor_dfis,vanilla,3,32,64,CALC,is,0,10000000,20000000,40,368.221,0,ok,False,2314306,2420336,27,/data/grizos/SCALE-Sim/topologies/conv_nets/mobilenet.csv,/data/grizos/Scale-Sim-SPM/benchmarks/results/cfgs/mobilenet__anchor_dfis__vanilla__rep3.cfg,/data/grizos/Scale-Sim-SPM/benchmarks/results/runs/vanilla/mobilenet__anchor_dfis__vanilla__rep3,/data/grizos/Scale-Sim-SPM/benchmarks/results/logs/vanilla/mobilenet__anchor_dfis__vanilla__rep3.log,1.24.4,wil,3.8.10,x86_64,2026-09-22T10:45:14.340292+00:00
mobilenet__anchor_dfis__optimized__rep3,dataflow_addendum,mobilenet,anchor_dfis,optimized,3,32,64,CALC,is,0,10000000,20000000,40,281.118,0,ok,False,2314306,2420336,27,/data/grizos/Scale-Sim-SPM/topologies/conv_nets/mobilenet.csv,/data/grizos/Scale-Sim-SPM/benchmarks/results/cfgs/mobilenet__anchor_dfis__optimized__rep3.cfg,/data/grizos/Scale-Sim-SPM/benchmarks/results/runs/optimized/mobilenet__anchor_dfis__optimized__rep3,/data/grizos/Scale-Sim-SPM/benchmarks/results/logs/optimized/mobilenet__anchor_dfis__optimized__rep3.log,1.24.4,wil,3.8.10,x86_64,2026-09-22T10:49:55.637676+00:00
